cores,workload,domain,fastsim_mips,fastsim_uops_per_second,frontier_waits,interval_steps,interval_zero_progress_steps,interval_accepted_uops,interval_active_prefixes,max_interval_accepted_uops,epoch_lookahead_chunks,epoch_inflight_memory_uops,epoch_corrected_horizon_violations,epoch_advanced_cycles,batch_memory_events,interval_private_memory_events,interval_escape_memory_events,retired_uops,memory_accesses,uop_conservation_ok,memory_event_conservation_ok,memory_partition_ok,private_preview_epochs,private_preview_events,materialized_escape_events,state_certificate_failures,timing_certificate_failures,timing_reweave_passes,replayed_shared_events,canonical_fallback_epochs,max_batch_memory_events,reordered_memory_event_pairs,same_line_reordered_pairs,branch_outcome_coverage,per_core_uop_cpi_mape,macro_cpi_fastsim,macro_cpi_gem5,macro_cpi_signed_error,macro_cpi_absolute_error,uop_cpi_fastsim,uop_cpi_gem5,uop_cpi_signed_error,uop_cpi_absolute_error,l1d_miss_fastsim,l1d_miss_gem5,l1d_miss_signed_error,l1d_miss_absolute_error,private_l2_miss_fastsim,private_l2_miss_gem5,private_l2_miss_signed_error,private_l2_miss_absolute_error,cha_llc_lookup_fastsim,cha_llc_lookup_gem5,cha_llc_lookup_signed_error,cha_llc_lookup_absolute_error,branch_miss_fastsim,branch_miss_gem5,branch_miss_signed_error,branch_miss_absolute_error,llc_tag_vs_functional_path_fastsim,llc_tag_vs_functional_path_gem5,llc_tag_vs_functional_path_signed_error,llc_tag_vs_functional_path_absolute_error,llc_tag_vs_ruby_demand_miss_fastsim,llc_tag_vs_ruby_demand_miss_gem5,llc_tag_vs_ruby_demand_miss_signed_error,llc_tag_vs_ruby_demand_miss_absolute_error
4,W_v28_bvc_encoder_base,business_base,15.94175471,20411091.95,7,616,4,3532186,1651,15218,1728,4515,1649,1261568,255116,228358,26758,3532186,255116,True,True,True,0,0,0,0,0,0,0,0,1186,0,1176867,1.0,0.023423638516613426,1.8275879318113193,1.7857627804285172,0.0234214487171502,0.0234214487171502,1.4274081262991247,1.3947390399260293,0.023423081621654487,0.023423081621654487,27031,27067,-0.001330032881368456,0.001330032881368456,26755,26871,-0.004316921588329426,0.004316921588329426,26755,26871,-0.004316921588329426,0.004316921588329426,860,852,0.009389671361502348,0.009389671361502348,25630,25630,0.0,0.0,25630,26829,-0.04469044690446904,0.04469044690446904
4,W_v28_bvc_encoder_heldout,heldout,16.10996237,20929028.41,7,553,11,3307714,1553,14024,1616,5153,1548,1132544,236042,212224,23818,3307714,236042,True,True,True,0,0,0,0,0,0,0,0,1019,0,987209,1.0,0.024672163282605287,1.776880846223697,1.7340999960724246,0.02467034787392132,0.02467034787392132,1.367740681328555,1.3348082600329227,0.024672023901635184,0.024672023901635184,23942,23968,-0.0010847797062750334,0.0010847797062750334,23815,23921,-0.004431252874043727,0.004431252874043727,23815,23921,-0.004431252874043727,0.004431252874043727,5365,5351,0.002616333395626986,0.002616333395626986,23247,23247,0.0,0.0,23247,23902,-0.02740356455526734,0.02740356455526734
4,W_v28_cache_L1_mixed,mechanism,26.93426845,34152329.61,8,274,5,3411116,1039,13324,1668,505,532,561152,67632,66566,1066,3411116,67632,True,True,True,0,0,0,0,0,0,0,0,292,0,24,1.0,0.02259915904501792,0.8323316655391089,0.8139404176356185,0.022595324553256985,0.022595324553256985,0.6564191894969271,0.6419138252142907,0.022597058534755875,0.022597058534755875,1047,1056,-0.008522727272727272,0.008522727272727272,1047,1088,-0.03768382352941176,0.03768382352941176,1047,1088,-0.03768382352941176,0.03768382352941176,1140,1168,-0.023972602739726026,0.023972602739726026,1034,1034,0.0,0.0,1034,1083,-0.04524469067405355,0.04524469067405355
4,W_v28_cache_L2_mixed,mechanism,23.65103418,29989227.89,32,490,40,3411116,1355,12692,1668,244,1350,1003520,67632,59286,8346,3411116,67632,True,True,True,0,0,0,0,0,0,0,0,292,0,24,1.0,0.07834040072826272,1.4177081087510872,1.3146500324140433,0.07839202357740953,0.07839202357740953,1.1180768991731738,1.0367982874918247,0.07839385217154883,0.07839385217154883,65566,65577,-0.00016774173871936807,0.00016774173871936807,8215,8261,-0.005568333131582133,0.005568333131582133,8215,8261,-0.005568333131582133,0.005568333131582133,1140,1168,-0.023972602739726026,0.023972602739726026,8202,8202,0.0,0.0,8202,8254,-0.006299975769323964,0.006299975769323964
4,W_v28_coh_readmostly_sparse,mechanism,23.50763098,30493292.71,11,236,0,3146924,944,13667,1540,1810,940,483328,66608,58386,8222,3146924,66608,True,True,True,0,0,0,0,0,0,0,0,316,0,42,1.0,0.07235824989422801,0.7939765045342126,0.8559100284747149,-0.07235985311548648,0.07235985311548648,0.6120856429961448,0.6598297714132277,-0.07235825130294483,0.07235825130294483,65570,65578,-0.00012199213150751776,0.00012199213150751776,8219,8257,-0.004602155746639215,0.004602155746639215,8219,8257,-0.004602155746639215,0.004602155746639215,1140,1168,-0.023972602739726026,0.023972602739726026,2062,2062,0.0,0.0,2062,5099,-0.5956069817611296,0.5956069817611296
4,W_v28_flink_base,business_base,16.62943462,20971884.19,6,932,51,3474694,2083,11261,1700,2409,2056,1908736,221009,176672,44337,3474694,221009,True,True,True,0,0,0,0,0,0,0,0,803,0,226,1.0,0.0677905917216785,2.7623759537343995,2.587007128977067,0.06778830363203339,0.06778830363203339,2.1903969097710476,2.0513365844392992,0.06779010640506777,0.06779010640506777,52620,52642,-0.000417917252384028,0.000417917252384028,40362,40461,-0.0024468006228219766,0.0024468006228219766,40362,40461,-0.0024468006228219766,0.0024468006228219766,1758,1753,0.002852253280091272,0.002852253280091272,38233,38232,2.6156099602427287e-05,2.6156099602427287e-05,38233,40365,-0.05281803542673108,0.05281803542673108
4,W_v28_flink_heldout,heldout,15.97534564,20979166.72,9,912,84,3213273,1708,12342,1572,2855,1703,1867776,193362,146942,46420,3213273,193362,True,True,True,0,0,0,0,0,0,0,0,828,0,216,1.0,0.07176117404035923,3.0513261265546947,2.8470269220945084,0.07175878909844904,0.07175878909844904,2.3235426930733865,2.167968134879659,0.0717605372933044,0.0717605372933044,48105,48131,-0.0005401923915979306,0.0005401923915979306,39712,39809,-0.0024366349317993417,0.0024366349317993417,39712,39809,-0.0024366349317993417,0.0024366349317993417,5069,5069,0.0,0.0,38768,38768,0.0,0.0,38768,39768,-0.025145845906256285,0.025145845906256285
4,W_v28_fp_alu_dense,mechanism,25.80029146,32837886.72,83,61,0,3440944,244,57344,1684,0,4,124928,68,42,26,3440944,68,True,True,True,0,0,0,0,0,0,0,0,48,0,1,1.0,0.003899460866580064,0.18254420929282886,0.18325913366149857,-0.003901166366912232,0.003901166366912232,0.14342256078564486,0.14398402773640534,-0.0038995085745786363,0.0038995085745786363,23,31,-0.25806451612903225,0.25806451612903225,23,54,-0.5740740740740741,0.5740740740740741,23,54,-0.5740740740740741,0.5740740740740741,64,60,0.06666666666666667,0.06666666666666667,7,7,0.0,0.0,7,52,-0.8653846153846154,0.8653846153846154
4,W_v28_gofeed_base,business_base,17.12573585,21487174.34,9,1031,128,3272580,1686,12922,1600,5245,1685,2111488,198240,164295,33945,3272580,198240,True,True,True,0,0,0,0,0,0,0,0,859,0,4717,1.0,0.1033486554536207,3.2374547409132943,2.9342149453596327,0.10334614239261024,0.10334614239261024,2.5803204199744543,2.3386275931590803,0.10334814637540853,0.10334814637540853,49620,49644,-0.00048344210780759005,0.00048344210780759005,33942,34036,-0.002761781642966271,0.002761781642966271,33942,34036,-0.002761781642966271,0.002761781642966271,5901,5896,0.0008480325644504749,0.0008480325644504749,31005,30398,0.01996841897493256,0.01996841897493256,31005,33888,-0.0850743626062323,0.0850743626062323
4,W_v28_gofeed_heldout,heldout,17.04936145,21886274.78,7,1066,105,3204856,1843,11521,1568,4669,1838,2183168,168968,130255,38713,3204856,168968,True,True,True,0,0,0,0,0,0,0,0,674,0,3739,1.0,0.07904440552282763,3.493011628726704,3.2371412503785164,0.07904208020526413,0.07904208020526413,2.7210486212173026,2.5217217384629738,0.07904396417497733,0.07904396417497733,47048,47072,-0.0005098572399728076,0.0005098572399728076,38542,38659,-0.0030264621433560104,0.0030264621433560104,38542,38659,-0.0030264621433560104,0.0030264621433560104,5636,5635,0.0001774622892635315,0.0001774622892635315,37139,36293,0.02331028021932604,0.02331028021932604,37139,38589,-0.037575474876260076,0.037575474876260076
4,W_v28_int_alu_dense,mechanism,26.84913654,31795106.37,195,331,0,3686532,1324,11208,1804,0,4,677888,20,2,18,3686532,20,True,True,True,0,0,0,0,0,0,0,0,16,0,1,1.0,0.0010865985198824006,0.8686506284483712,0.8695971444320666,-0.0010884534174886334,0.0010884534174886334,0.7335254379997244,0.7343233638577826,-0.0010866137417531543,0.0010866137417531543,15,42,-0.6428571428571429,0.6428571428571429,15,73,-0.7945205479452054,0.7945205479452054,15,73,-0.7945205479452054,0.7945205479452054,56,64,-0.125,0.125,5,5,0.0,0.0,5,68,-0.9264705882352942,0.9264705882352942
4,W_v28_int_div_serial,mechanism,6.900552673,32549348.02,5,434,0,3709970,1733,9046,1812,726,672,888832,65560,65538,22,3709970,65560,True,True,True,0,0,0,0,0,0,0,0,161,0,1,1.0,0.16115949387545134,4.5057429906779705,3.880342412807551,0.16117149244515314,0.16117149244515314,0.9552300962002388,0.8226513217956594,0.16116034933875795,0.16116034933875795,19,28,-0.32142857142857145,0.32142857142857145,19,56,-0.6607142857142857,0.6607142857142857,19,56,-0.6607142857142857,0.6607142857142857,49452,49452,0.0,0.0,9,9,0.0,0.0,9,52,-0.8269230769230769,0.8269230769230769
4,W_v28_marine_base,business_base,15.3517361,19126260.78,7,931,60,3507372,1882,13454,1716,7479,1875,1906688,283128,234283,48845,3507372,283128,True,True,True,0,0,0,0,0,0,0,0,1176,0,4432,1.0,0.025982147215222455,2.7029468599033817,2.7750517545392674,-0.025983261219521686,0.025983261219521686,2.169526357626166,2.2273976711477728,-0.025981581228728658,0.025981581228728658,56675,56688,-0.0002293254304261925,0.0002293254304261925,48757,48876,-0.002434732793190932,0.002434732793190932,48757,48876,-0.002434732793190932,0.002434732793190932,4327,4325,0.00046242774566473987,0.00046242774566473987,47071,47054,0.00036128703192077186,0.00036128703192077186,47071,48760,-0.03463904840032814,0.03463904840032814
4,W_v28_marine_heldout,heldout,16.85507846,21508234.07,6,869,43,3281077,1940,12039,1604,4666,1930,1779712,172874,123696,49178,3281077,172874,True,True,True,0,0,0,0,0,0,0,0,682,0,3290,1.0,0.05075497224154907,2.765064624486483,2.6315069979554697,0.050753285716047904,0.050753285716047904,2.166862283329529,2.0621953382678604,0.05075510700629521,0.05075510700629521,51536,51554,-0.0003491484656864647,0.0003491484656864647,49091,49203,-0.0022762839664248113,0.0022762839664248113,49091,49203,-0.0022762839664248113,0.0022762839664248113,7789,7786,0.0003853069612124326,0.0003853069612124326,48134,45456,0.058914114748328056,0.058914114748328056,48134,49061,-0.018894845192719268,0.018894845192719268
4,W_v28_memory_random_mlp,mechanism,11.42022174,13162452.45,6,823,252,2228436,901,19232,1092,2678,899,1685504,294988,197726,97262,2228436,294988,True,True,True,0,0,0,0,0,0,0,0,2584,0,98248,1.0,0.031022225540108635,3.461479142185664,3.5723553957519174,-0.0310372964845834,0.0310372964845834,3.003305008535134,3.0994953010087247,-0.031034179158873295,0.031034179158873295,137390,137417,-0.00019648224018862294,0.00019648224018862294,97262,97327,-0.0006678516752802408,0.0006678516752802408,97262,97326,-0.0006575837905595627,0.0006575837905595627,56,61,-0.08196721311475409,0.08196721311475409,91142,91132,0.0001097309397357679,0.0001097309397357679,91142,91206,-0.000701708220950376,0.000701708220950376
4,W_v28_memory_seq_moderate,mechanism,17.48931027,20157298.1,6,1040,362,2228404,953,18564,1092,483,950,2129920,131140,38,131102,2228404,131140,True,True,True,0,0,0,0,0,0,0,0,1140,0,44,1.0,0.20584784460280178,4.3626004419029965,5.49341494144201,-0.20584909598002754,0.20584909598002754,3.785173604068203,4.766299965222074,-0.20584654098835298,0.20584654098835298,131102,131116,-0.000106775679550932,0.000106775679550932,131102,131207,-0.0008002621811336285,0.0008002621811336285,131102,131207,-0.0008002621811336285,0.0008002621811336285,56,60,-0.06666666666666667,0.06666666666666667,131082,131082,0.0,0.0,131082,131148,-0.0005032482386311648,0.0005032482386311648
4,W_v28_mysql_base,business_base,17.05317292,21562735.5,7,1623,196,3821689,2702,8648,1868,1563,2680,3323904,200992,151196,49796,3821689,200992,True,True,True,0,0,0,0,0,0,0,0,547,0,90467,1.0,0.07542928739433069,4.394399809689744,4.086188499708018,0.07542758000609838,0.07542758000609838,3.4753688748613505,3.231610980424993,0.07542921964088033,0.07542921964088033,61682,61704,-0.00035654090496564243,0.00035654090496564243,49779,49889,-0.0022048948666038605,0.0022048948666038605,49779,49889,-0.0022048948666038605,0.0022048948666038605,2692,2688,0.001488095238095238,0.001488095238095238,48008,47330,0.014324952461440946,0.014324952461440946,48008,49780,-0.03559662515066292,0.03559662515066292
4,W_v28_mysql_heldout,heldout,16.09412726,21147222.97,6,1550,190,3761230,2568,9233,1840,2334,2560,3174400,200362,149099,51263,3761230,200362,True,True,True,0,0,0,0,0,0,0,0,545,0,36797,1.0,0.07620586570363769,4.435082043954739,4.121040963464829,0.07620430936601888,0.07620430936601888,3.375326156603026,3.136320335973324,0.07620580649505918,0.07620580649505918,57813,57833,-0.0003458233188663912,0.0003458233188663912,51108,51228,-0.0023424689622862497,0.0023424689622862497,51108,51228,-0.0023424689622862497,0.0023424689622862497,5465,5462,0.0005492493592090809,0.0005492493592090809,50103,49007,0.022364152059909808,0.022364152059909808,50103,51094,-0.01939562375229968,0.01939562375229968
4,W_v28_pytorch_base,business_base,13.3234475,19878133.38,10,156,0,3181976,622,23080,1556,1306,620,319488,214424,165759,48665,3181976,214424,True,True,True,0,0,0,0,0,0,0,0,1672,0,12080,1.0,0.6751195479498464,0.5969377420595103,1.8374091314883305,-0.6751198566342265,0.6751198566342265,0.40010138354280483,1.2315341592088238,-0.675119540492614,0.675119540492614,49181,49207,-0.0005283801085211454,0.0005283801085211454,48662,48762,-0.002050777244575694,0.002050777244575694,48662,48762,-0.002050777244575694,0.002050777244575694,372,384,-0.03125,0.03125,46611,46609,4.291016756420434e-05,4.291016756420434e-05,46611,48652,-0.041950998931184744,0.041950998931184744
4,W_v28_pytorch_heldout,heldout,13.80666618,21495987.3,8,187,0,3032594,744,17414,1484,1353,742,382976,170618,127737,42881,3032594,170618,True,True,True,0,0,0,0,0,0,0,0,1048,0,185,1.0,0.5957815814008295,0.7813432138518929,1.9329778244168603,-0.5957826292768734,0.5957826292768734,0.5018492419361115,1.241532143051459,-0.5957823204619915,0.5957823204619915,43061,43088,-0.0006266245822502785,0.0006266245822502785,42878,42978,-0.002326771836753688,0.002326771836753688,42878,42978,-0.002326771836753688,0.002326771836753688,3334,3338,-0.0011983223487118035,0.0011983223487118035,41943,41940,7.15307582260372e-05,7.15307582260372e-05,41943,42946,-0.023354910818236856,0.023354910818236856
4,W_v28_redis_base,business_base,18.00692285,22780463.97,10,693,24,3442920,1600,15660,1684,5565,1595,1419264,181092,144623,36469,3442920,181092,True,True,True,0,0,0,0,0,0,0,0,912,0,330,1.0,0.06332480648868834,2.081757960397902,2.2225021348646545,-0.06332690180984837,0.06332690180984837,1.64553518524973,1.7567840982462377,-0.06332531875007595,0.06332531875007595,49400,49426,-0.0005260389268805891,0.0005260389268805891,36426,36522,-0.0026285526531953343,0.0026285526531953343,36426,36522,-0.0026285526531953343,0.0026285526531953343,372,372,0.0,0.0,34696,34696,0.0,0.0,34696,36468,-0.048590545135461224,0.048590545135461224
4,W_v28_redis_heldout,heldout,18.69722694,23928494.13,9,1049,98,3527029,1870,12711,1724,5501,1863,2148352,156697,119932,36765,3527029,156697,True,True,True,0,0,0,0,0,0,0,0,659,0,205,1.0,0.06155524774528722,3.116368711009319,3.3207848883092965,-0.06155658501687878,0.06155658501687878,2.435065603373264,2.594787995633745,-0.06155508370211597,0.06155508370211597,43259,43287,-0.0006468454732367685,0.0006468454732367685,36722,36829,-0.0029053191778218254,0.0029053191778218254,36722,36828,-0.0028782448137286845,0.0028782448137286845,2372,2379,-0.0029424127784783522,0.0029424127784783522,35992,35992,0.0,0.0,35992,36793,-0.021770445465170006,0.021770445465170006
4,W_v28_simd_sse_dense,mechanism,18.6805401,37361370.39,18,101,0,3604828,404,36056,1764,0,4,206848,80,54,26,3604828,80,True,True,True,0,0,0,0,0,0,0,0,60,0,1,1.0,0.16803942498796176,0.45551098535286283,0.5475146636839968,-0.16803874751423054,0.16803874751423054,0.22775372361732654,0.2737554333066378,-0.16803943992513942,0.16803943992513942,23,33,-0.30303030303030304,0.30303030303030304,23,56,-0.5892857142857143,0.5892857142857143,23,56,-0.5892857142857143,0.5892857142857143,64,64,0.0,0.0,7,7,0.0,0.0,7,54,-0.8703703703703703,0.8703703703703703
8,W_v28_bvc_encoder_base,business_base,15.10367271,19337961.53,9,626,1,7064282,3422,30566,3456,9220,3412,1282048,510232,456709,53523,7064282,510232,True,True,True,0,0,0,0,0,0,0,0,2386,0,2319123,1.0,0.023644689928764465,1.8530683181002015,1.810268677989313,0.023642700462799048,0.023642700462799048,1.4473158064754492,1.4138850515356656,0.023644605976612765,0.023644605976612765,54061,54135,-0.0013669529879006188,0.0013669529879006188,53518,53762,-0.004538521632379748,0.004538521632379748,53518,53762,-0.004538521632379748,0.004538521632379748,1767,1751,0.009137635636778984,0.009137635636778984,48588,48585,6.174745291756716e-05,6.174745291756716e-05,48588,53377,-0.0897202915113251,0.0897202915113251
8,W_v28_bvc_encoder_heldout,heldout,15.08969402,19603605.11,6,565,2,6615118,3090,26337,3232,10083,3082,1157120,472046,424392,47654,6615118,472046,True,True,True,0,0,0,0,0,0,0,0,2039,0,1978902,1.0,0.025956291450708463,1.8131612674653952,1.7672922811164438,0.025954386175429233,0.025954386175429233,1.3956641438595654,1.3603543190973109,0.025956344069010664,0.025956344069010664,47876,47942,-0.0013766634683575988,0.0013766634683575988,47650,47880,-0.004803675856307435,0.004803675856307435,47650,47880,-0.004803675856307435,0.004803675856307435,10744,10707,0.0034556831979079107,0.0034556831979079107,45192,45190,4.425757911042266e-05,4.425757911042266e-05,45192,47733,-0.05323361196656401,0.05323361196656401
8,W_v28_cache_L1_mixed,mechanism,25.2940658,32072572.3,13,287,11,6822232,2075,26648,3336,2,57,587776,135264,133133,2131,6822232,135264,True,True,True,0,0,0,0,0,0,0,0,584,0,88,1.0,0.06587554756313142,0.8676876640224818,0.8140641529941707,0.06587135771926697,0.06587135771926697,0.6843027325954321,0.6420112276231366,0.0658734663081637,0.0658734663081637,2095,2112,-0.008049242424242424,0.008049242424242424,2095,2179,-0.038549793483249196,0.038549793483249196,2095,2178,-0.03810835629017447,0.03810835629017447,2280,2336,-0.023972602739726026,0.023972602739726026,2064,2064,0.0,0.0,2064,2163,-0.04576976421636616,0.04576976421636616
8,W_v28_cache_L2_mixed,mechanism,23.03777147,29211618.13,46,492,10,6822232,2740,25384,3336,387,2732,1007616,135264,118573,16691,6822232,135264,True,True,True,0,0,0,0,0,0,0,0,584,0,88,1.0,0.052822480903671296,1.3859031737653242,1.3163273726727516,0.05285600112630166,0.05285600112630166,1.09299390580678,1.0381208279166454,0.052858083967216654,0.052858083967216654,131131,131154,-0.00017536636320661207,0.00017536636320661207,16430,16530,-0.006049606775559589,0.006049606775559589,16430,16529,-0.005989473047371287,0.005989473047371287,2280,2336,-0.023972602739726026,0.023972602739726026,16400,16400,0.0,0.0,16400,16504,-0.006301502666020358,0.006301502666020358
8,W_v28_coh_readmostly_sparse,mechanism,22.73175854,29486857.58,10,235,0,6293848,1880,27291,3080,3603,1872,481280,133216,116773,16443,6293848,133216,True,True,True,0,0,0,0,0,0,0,0,632,0,241,1.0,0.07277091982757469,0.7928083264633141,0.8550313394728967,-0.07277278637288469,0.07277278637288469,0.6111850810505751,0.6591521914006537,-0.07277091842500251,0.07277091842500251,131139,131155,-0.00012199306164461896,0.00012199306164461896,16438,16515,-0.004662428095670602,0.004662428095670602,16438,16515,-0.004662428095670602,0.004662428095670602,2280,2336,-0.023972602739726026,0.023972602739726026,2072,2072,0.0,0.0,2072,10182,-0.7965036338636811,0.7965036338636811
8,W_v28_flink_base,business_base,15.31433402,19313545.13,6,944,9,6949148,4192,22326,3399,5161,4156,1933312,441994,353261,88733,6949148,441994,True,True,True,0,0,0,0,0,0,0,0,1592,0,618,1.0,0.06531527090865011,2.8001573081504785,2.6284831564260815,0.06531301191894275,0.06531301191894275,2.2203352123166753,2.084205124707214,0.06531511030066411,0.06531511030066411,105251,105268,-0.00016149257134171827,0.00016149257134171827,80756,80965,-0.0025813623170505774,0.0025813623170505774,80756,80965,-0.0025813623170505774,0.0025813623170505774,3551,3542,0.002540937323546019,0.002540937323546019,71739,71735,5.5760786227085804e-05,5.5760786227085804e-05,71739,80066,-0.10400169859865611,0.10400169859865611
8,W_v28_flink_heldout,heldout,14.90811162,19577707.77,8,934,15,6426974,3440,24350,3144,5673,3431,1912832,386762,294066,92696,6426974,386762,True,True,True,0,0,0,0,0,0,0,0,1633,0,571,1.0,0.06211925287336647,3.1135408020943034,2.9314512718054884,0.06211583048988074,0.06211583048988074,2.37091156740326,2.232249052166143,0.062117851546430666,0.062117851546430666,96195,96242,-0.0004883522786309512,0.0004883522786309512,79356,79577,-0.0027771843623157445,0.0027771843623157445,79356,79577,-0.0027771843623157445,0.0027771843623157445,10082,10076,0.0005954743946010321,0.0005954743946010321,75120,75119,1.3312211291417618e-05,1.3312211291417618e-05,75120,79257,-0.05219728225898028,0.05219728225898028
8,W_v28_fp_alu_dense,mechanism,28.32258752,36048194.34,11,61,0,6881888,488,114688,3368,0,8,124928,136,85,51,6881888,136,True,True,True,0,0,0,0,0,0,0,0,96,0,9,1.0,0.004132269767036083,0.18251517290153815,0.1832728689063657,-0.004134250799635078,0.004134250799635078,0.14339974727865376,0.14399477937679464,-0.004132317162581601,0.004132317162581601,47,72,-0.3472222222222222,0.3472222222222222,47,117,-0.5982905982905983,0.5982905982905983,47,117,-0.5982905982905983,0.5982905982905983,128,120,0.06666666666666667,0.06666666666666667,9,9,0.0,0.0,9,112,-0.9196428571428571,0.9196428571428571
8,W_v28_gofeed_base,business_base,15.87202718,19915526.5,9,982,19,6545602,3383,25842,3200,10410,3379,2011136,396480,328584,67896,6545602,396480,True,True,True,0,0,0,0,0,0,0,0,1716,0,9174,1.0,0.10954486182786663,3.079820274843999,2.775756901925753,0.10954250810195014,0.10954250810195014,2.4545166357502337,2.2121833259976738,0.1095448586492125,0.1095448586492125,99244,99304,-0.0006042052686699428,0.0006042052686699428,67891,68108,-0.0031861161684383628,0.0031861161684383628,67891,68108,-0.0031861161684383628,0.0031861161684383628,12153,12142,0.0009059463020919124,0.0009059463020919124,55546,54512,0.018968300557675375,0.018968300557675375,55546,66423,-0.16375351911235567,0.16375351911235567
8,W_v28_gofeed_heldout,heldout,16.00111969,20540959.84,8,1042,14,6411005,3646,22808,3136,9288,3634,2134016,338083,260652,77431,6411005,338083,True,True,True,0,0,0,0,0,0,0,0,1344,0,7556,1.0,0.06598973458426226,3.416564962977187,3.205069931365162,0.06598764961173292,0.06598764961173292,2.661456199145064,2.49669945066755,0.06598982045414492,0.06598982045414492,94092,94154,-0.0006584956560528496,0.0006584956560528496,77090,77367,-0.0035803378701513566,0.0035803378701513566,77090,77367,-0.0035803378701513566,0.0035803378701513566,11076,11070,0.0005420054200542005,0.0005420054200542005,70744,69146,0.02311051976976253,0.02311051976976253,70744,76798,-0.07883017786921534,0.07883017786921534
8,W_v28_int_alu_dense,mechanism,30.02901667,35560762.92,8,331,0,7373064,2648,22416,3608,0,8,677888,40,5,35,7373064,40,True,True,True,0,0,0,0,0,0,0,0,32,0,9,1.0,0.0012035590108697542,0.8686262152014864,0.8696748041648812,-0.0012057253566195858,0.0012057253566195858,0.733504822418468,0.734388717492869,-0.0012035793216139535,0.0012035793216139535,31,85,-0.6352941176470588,0.6352941176470588,31,147,-0.7891156462585034,0.7891156462585034,31,147,-0.7891156462585034,0.7891156462585034,112,128,-0.125,0.125,7,7,0.0,0.0,7,139,-0.9496402877697842,0.9496402877697842
8,W_v28_int_div_serial,mechanism,6.441567519,30384454.6,8,434,0,7419965,3464,17937,3626,1405,1299,888832,131120,131077,43,7419965,131120,True,True,True,0,0,0,0,0,0,0,0,317,0,9,1.0,0.16102962811836588,4.5047684495323725,3.8799320566838476,0.16104312748779642,0.16104312748779642,0.9550202730066786,0.822562868479763,0.1610301286413761,0.1610301286413761,38,57,-0.3333333333333333,0.3333333333333333,38,115,-0.6695652173913044,0.6695652173913044,38,115,-0.6695652173913044,0.6695652173913044,98826,98826,0.0,0.0,15,15,0.0,0.0,15,98,-0.8469387755102041,0.8469387755102041
8,W_v28_marine_base,business_base,14.05230056,17507451.8,7,953,10,7014825,3788,26789,3432,14933,3766,1951744,566256,468606,97650,7014825,566256,True,True,True,0,0,0,0,0,0,0,0,2345,0,8945,1.0,0.025759112265977005,2.7700616667261646,2.843309110897787,-0.02576133698966492,0.02576133698966492,2.223381196252223,2.2821684323909452,-0.02575937661057418,0.02575937661057418,113348,113385,-0.0003263218238744102,0.0003263218238744102,97476,97738,-0.0026806359860033968,0.0026806359860033968,97476,97738,-0.0026806359860033968,0.0026806359860033968,8623,8619,0.00046409096182851837,0.00046409096182851837,89826,89769,0.0006349630718845036,0.0006349630718845036,89826,97026,-0.07420691361078474,0.07420691361078474
8,W_v28_marine_heldout,heldout,15.58710055,19889788.44,12,891,8,6561758,4019,21655,3208,9208,3982,1824768,345727,247383,98344,6561758,345727,True,True,True,0,0,0,0,0,0,0,0,1345,0,6389,1.0,0.052384808054969326,2.8329272874501483,2.691917475123991,0.05238266537857458,0.05238266537857458,2.2200901039020335,2.1095801811909434,0.052384793759629865,0.052384793759629865,103079,103113,-0.0003297353389000417,0.0003297353389000417,98172,98399,-0.0023069340135570483,0.0023069340135570483,98172,98399,-0.0023069340135570483,0.0023069340135570483,15474,15471,0.00019391118867558658,0.00019391118867558658,94078,88796,0.059484661471237446,0.059484661471237446,94078,97956,-0.03958920331577443,0.03958920331577443
8,W_v28_memory_random_mlp,mechanism,10.49852408,12100143.69,5,966,179,4456872,1819,38464,2184,5322,1815,1978368,589976,395574,194402,4456872,589976,True,True,True,0,0,0,0,0,0,0,0,5168,0,197456,1.0,0.056983689161460564,4.026531286721504,3.8094245316490527,0.05699200844345595,0.05699200844345595,3.493564769192384,3.30518265861118,0.056995975726304084,0.056995975726304084,274830,274884,-0.00019644650106954206,0.00019644650106954206,194402,194651,-0.0012792125393653257,0.0012792125393653257,194402,194650,-0.001274081685075777,0.001274081685075777,112,122,-0.08196721311475409,0.08196721311475409,182103,182085,9.885493038965319e-05,9.885493038965319e-05,182103,182232,-0.0007078888449888054,0.0007078888449888054
8,W_v28_memory_seq_moderate,mechanism,16.13253918,18593552.08,8,1188,245,4456808,1860,37128,2184,1015,1850,2433024,262280,77,262203,4456808,262280,True,True,True,0,0,0,0,0,0,0,0,2280,0,117,1.0,0.34153212967818897,4.977413760644152,7.585248284173016,-0.34380344925165274,0.34380344925165274,4.318611212329541,6.581252214284641,-0.3438009862384587,0.3438009862384587,262203,262237,-0.00012965371019345095,0.00012965371019345095,262203,262432,-0.0008726069991464455,0.0008726069991464455,262203,262432,-0.0008726069991464455,0.0008726069991464455,112,120,-0.06666666666666667,0.06666666666666667,262160,262160,0.0,0.0,262160,262289,-0.0004918239041667779,0.0004918239041667779
8,W_v28_mysql_base,business_base,15.75887497,19926027.69,6,1593,24,7643587,5480,17224,3736,3058,5435,3262464,401984,302415,99569,7643587,401984,True,True,True,0,0,0,0,0,0,0,0,1095,0,177011,1.0,0.057009511681041694,4.3145686364519875,4.081870896161736,0.057007618861503316,0.057007618861503316,3.412258014463628,3.228218873844856,0.057009498987154704,0.057009498987154704,123379,123433,-0.0004374843032252315,0.0004374843032252315,99538,99790,-0.002525303136586832,0.002525303136586832,99538,99790,-0.002525303136586832,0.002525303136586832,5414,5406,0.0014798372179060304,0.0014798372179060304,91658,90334,0.01465671840060221,0.01465671840060221,91658,99056,-0.07468502665159102,0.07468502665159102
8,W_v28_mysql_heldout,heldout,14.92659014,19613746.91,5,1544,30,7521091,5075,17355,3678,4610,5055,3162112,400653,298154,102499,7521091,400653,True,True,True,0,0,0,0,0,0,0,0,1097,0,74982,1.0,0.05303686611426114,4.417978204160802,4.1954711404926215,0.053035060000926164,0.053035060000926164,3.3622005105376336,3.1928614545135443,0.05303676919169338,0.05303676919169338,115625,115666,-0.00035446890183805094,0.00035446890183805094,102189,102456,-0.0026059967205434528,0.0026059967205434528,102189,102456,-0.0026059967205434528,0.0026059967205434528,11151,11144,0.000628140703517588,0.000628140703517588,97857,95669,0.022870522321755217,0.022870522321755217,97857,101990,-0.04052358074321012,0.04052358074321012
8,W_v28_pytorch_base,business_base,12.42223316,18533552.04,5,201,0,6363952,1605,46160,3112,3655,1600,411648,428848,331504,97344,6363952,428848,True,True,True,0,0,0,0,0,0,0,0,3344,0,52041,1.0,0.5941094571551522,0.7699799319185648,1.8970167211033246,-0.5941100975268491,0.5941100975268491,0.5160840308035007,1.2714862866929153,-0.5941096367261541,0.5941096367261541,98360,98419,-0.0005994777431187067,0.0005994777431187067,97341,97544,-0.0020811121135077505,0.0020811121135077505,97341,97543,-0.0020708815599274166,0.0020708815599274166,744,764,-0.02617801047120419,0.02617801047120419,88260,88255,5.665401393688743e-05,5.665401393688743e-05,88260,96681,-0.08710087814565426,0.08710087814565426
8,W_v28_pytorch_heldout,heldout,12.75238963,19854678.74,9,206,0,6065008,1642,33315,2967,2995,1639,421888,341216,255481,85735,6065008,341216,True,True,True,0,0,0,0,0,0,0,0,2048,0,1686,1.0,0.5706742072645629,0.8632263304677842,2.0106602490052623,-0.5706751894583633,0.5706751894583633,0.5544385102212561,1.291418530773907,-0.5706748068041131,0.5706748068041131,86113,86173,-0.0006962737748482704,0.0006962737748482704,85732,85931,-0.0023158115231988454,0.0023158115231988454,85732,85930,-0.002304201093913651,0.002304201093913651,6736,6744,-0.0011862396204033216,0.0011862396204033216,81567,81560,8.582638548307995e-05,8.582638548307995e-05,81567,85663,-0.0478152761402239,0.0478152761402239
8,W_v28_redis_base,business_base,16.81965089,21278452.41,10,707,7,6885840,3124,31320,3368,10765,3112,1447936,362184,289304,72880,6885840,362184,True,True,True,0,0,0,0,0,0,0,0,1824,0,845,1.0,0.0662176529251481,2.1232015247630693,2.273768081114509,-0.06621895944534412,0.06621895944534412,1.6782944419272012,1.7973069272536923,-0.06621711824609929,0.06621711824609929,98793,98856,-0.0006372906045156591,0.0006372906045156591,72796,73010,-0.002931105328037255,0.002931105328037255,72796,73010,-0.002931105328037255,0.002931105328037255,744,744,0.0,0.0,65420,65414,9.172348426942244e-05,9.172348426942244e-05,65420,72401,-0.09642132014751177,0.09642132014751177
8,W_v28_redis_heldout,heldout,17.34589317,22199065.02,9,1042,8,7053518,3825,25635,3448,11127,3817,2134016,313334,239806,73528,7053518,313334,True,True,True,0,0,0,0,0,0,0,0,1328,0,538,1.0,0.08854563670294244,3.097158763699148,3.398046303893204,-0.08854721604273705,0.08854721604273705,2.4200562045776306,2.6551585885552655,-0.08854551475419015,0.08854551475419015,86514,86583,-0.0007969231835348741,0.0007969231835348741,73443,73673,-0.003121903546753899,0.003121903546753899,73443,73672,-0.0031083722445433815,0.0031083722445433815,4772,4782,-0.002091175240485153,0.002091175240485153,70102,70102,0.0,0.0,70102,73452,-0.04560801611937047,0.04560801611937047
8,W_v28_simd_sse_dense,mechanism,18.22082923,36441941.52,15,101,0,7209656,808,72108,3528,0,8,206848,160,109,51,7209656,160,True,True,True,0,0,0,0,0,0,0,0,120,0,9,1.0,0.16815947038170972,0.4554674323124723,0.5475412419122355,-0.16815867472960438,0.16815867472960438,0.22773194726627732,0.2737687603029528,-0.16815948242498913,0.16815948242498913,47,77,-0.38961038961038963,0.38961038961038963,47,121,-0.6115702479338843,0.6115702479338843,47,121,-0.6115702479338843,0.6115702479338843,128,128,0.0,0.0,9,9,0.0,0.0,9,116,-0.9224137931034483,0.9224137931034483
16,W_v28_bvc_encoder_base,business_base,13.591213,17401423.39,6,638,3,14128422,6790,61130,6912,18988,6758,1306624,1020464,913413,107051,14128422,1020464,True,True,True,0,0,0,0,0,0,0,0,4772,0,4644373,1.0,0.04583588112576561,1.8883554282983201,1.8055974452753516,0.0458341272244922,0.0458341272244922,1.4748816959176332,1.4102415630447533,0.04583621314728512,0.04583621314728512,108134,108307,-0.0015973113464503679,0.0015973113464503679,107042,107572,-0.00492693265905626,0.00492693265905626,107042,107572,-0.00492693265905626,0.00492693265905626,3603,3570,0.009243697478991597,0.009243697478991597,87243,87232,0.00012610051357300073,0.00012610051357300073,87243,104426,-0.16454714343171242,0.16454714343171242
16,W_v28_bvc_encoder_heldout,heldout,13.44151512,17462401.47,8,588,2,13229283,6265,52933,6464,21108,6236,1204224,943987,848669,95318,13229283,943987,True,True,True,0,0,0,0,0,0,0,0,4095,0,3981898,1.0,0.05197401062328848,1.8878313537323999,1.7945661926788439,0.05197086707308029,0.05197086707308029,1.4531399774273481,1.381347194594338,0.051973018162239454,0.051973018162239454,95749,95881,-0.0013767065424849553,0.0013767065424849553,95309,95781,-0.004927908457836105,0.004927908457836105,95309,95781,-0.004927908457836105,0.004927908457836105,21664,21593,0.0032881026258509702,0.0032881026258509702,85441,85433,9.364063066964756e-05,9.364063066964756e-05,85441,94643,-0.09722853248523398,0.09722853248523398
16,W_v28_cache_L1_mixed,mechanism,21.80276867,27645649.38,16,295,14,13644464,4162,53296,6672,775,879,604160,270528,266266,4262,13644464,270528,True,True,True,0,0,0,0,0,0,0,0,1168,0,365,1.0,0.08414176306396791,0.8825405734932235,0.8140456360970115,0.0841413974339508,0.0841413974339508,0.6960164943086075,0.6419965335658459,0.08414369536034433,0.08414369536034433,4188,4226,-0.008991954566966399,0.008991954566966399,4188,4361,-0.03966980050447145,0.03966980050447145,4188,4360,-0.03944954128440367,0.03944954128440367,4560,4672,-0.023972602739726026,0.023972602739726026,4125,4125,0.0,0.0,4125,4328,-0.046903881700554526,0.046903881700554526
16,W_v28_cache_L2_mixed,mechanism,20.16884637,25573855.49,7,540,17,13644464,5529,50768,6672,1231,5505,1105920,270528,237146,33382,13644464,270528,True,True,True,0,0,0,0,0,0,0,0,1168,0,365,1.0,0.21398729789342866,1.606152748143247,1.3230443332174806,0.2139825611416071,0.2139825611416071,1.2666939500151857,1.0434180075603707,0.21398513427697052,0.21398513427697052,262262,262305,-0.0001639313013476678,0.0001639313013476678,32860,33049,-0.005718781203667282,0.005718781203667282,32860,33048,-0.005688695231178892,0.005688695231178892,4560,4672,-0.023972602739726026,0.023972602739726026,32797,32797,0.0,0.0,32797,33007,-0.006362286787651104,0.006362286787651104
16,W_v28_coh_readmostly_sparse,mechanism,19.64151308,25478297.16,12,236,0,12587696,3763,54481,6160,7207,3747,483328,266432,233546,32886,12587696,266432,True,True,True,0,0,0,0,0,0,0,0,1264,0,1016,1.0,0.07230059597596473,0.7926909521846661,0.8544714274231611,-0.07230256420019451,0.07230256420019451,0.611094595865677,0.6587204548276542,-0.0723005618133383,0.0723005618133383,262278,262317,-0.00014867507633893343,0.00014867507633893343,32876,33044,-0.0050841302505749905,0.0050841302505749905,32876,33044,-0.0050841302505749905,0.0050841302505749905,4560,4651,-0.019565684798967965,0.019565684798967965,2093,2093,0.0,0.0,2093,20284,-0.8968152238217314,0.8968152238217314
16,W_v28_flink_base,business_base,14.01323125,17672623.7,6,955,6,13898436,8368,44689,6799,10324,8265,1955840,884002,706552,177450,13898436,884002,True,True,True,0,0,0,0,0,0,0,0,3189,0,1941,1.0,0.08075126630979017,2.833545754712016,2.6218352018327846,0.0807489931980606,0.0807489931980606,2.246815900724369,2.0789389332304737,0.08075127403238848,0.08075127403238848,210455,210429,0.00012355711427607411,0.00012355711427607411,161497,161956,-0.0028341030897280745,0.0028341030897280745,161497,161956,-0.0028341030897280745,0.0028341030897280745,7104,7086,0.002540220152413209,0.002540220152413209,126715,126705,7.892348368256975e-05,7.892348368256975e-05,126715,155245,-0.183774034590486,0.183774034590486
16,W_v28_flink_heldout,heldout,13.13130088,17244395.87,8,978,9,12854002,6836,48597,6288,11425,6820,2002944,773521,588080,185441,12854002,773521,True,True,True,0,0,0,0,0,0,0,0,3257,0,1712,1.0,0.08542205377961767,3.263750327694033,3.006902322950783,0.08541947065683053,0.08541947065683053,2.485287850429773,2.2896979930227745,0.08542168355958063,0.08542168355958063,192315,192371,-0.00029110416850772723,0.00029110416850772723,158717,159201,-0.003040181908405098,0.003040181908405098,158717,159201,-0.003040181908405098,0.003040181908405098,20170,20154,0.0007938870695643545,0.0007938870695643545,141752,141750,1.4109347442680776e-05,1.4109347442680776e-05,141752,157028,-0.09728201339888427,0.09728201339888427
16,W_v28_fp_alu_dense,mechanism,24.56615589,31267113.61,8,61,0,13763776,976,229376,6736,0,16,124928,272,170,102,13763776,272,True,True,True,0,0,0,0,0,0,0,0,192,0,37,1.0,0.004354959693348799,0.18252331048890624,0.183322088729541,-0.004357239469452133,0.004357239469452133,0.14340614087296974,0.1440334306871732,-0.004355168180128064,0.004355168180128064,94,151,-0.37748344370860926,0.37748344370860926,94,240,-0.6083333333333333,0.6083333333333333,94,240,-0.6083333333333333,0.6083333333333333,256,240,0.06666666666666667,0.06666666666666667,14,14,0.0,0.0,14,230,-0.9391304347826087,0.9391304347826087
16,W_v28_gofeed_base,business_base,14.39713028,18064948.25,6,893,5,13091246,6706,51281,6400,20879,6697,1828864,792960,657146,135814,13091246,792960,True,True,True,0,0,0,0,0,0,0,0,3408,0,18412,1.0,0.13951306054002235,2.799874900127132,2.4570855846133024,0.1395105313630245,0.1395105313630245,2.231402114053926,1.9582066052617488,0.13951311779773093,0.13951311779773093,198494,198623,-0.0006494716120489571,0.0006494716120489571,135806,136273,-0.0034269444424060527,0.0034269444424060527,135806,136273,-0.0034269444424060527,0.0034269444424060527,24371,24353,0.0007391286494477067,0.0007391286494477067,90131,88567,0.017658947463502207,0.017658947463502207,90131,123717,-0.27147441337892125,0.27147441337892125
16,W_v28_gofeed_heldout,heldout,14.4283746,18521751.62,12,1013,4,12821962,7201,45441,6272,18292,7184,2074624,676168,521320,154848,12821962,676168,True,True,True,0,0,0,0,0,0,0,0,2676,0,15224,1.0,0.08045805682680605,3.3183921924339175,3.0712904672657664,0.08045534207910163,0.08045534207910163,2.5850149922453367,2.3925184605571004,0.08045769964233142,0.08045769964233142,188178,188305,-0.0006744377472717134,0.0006744377472717134,154167,154734,-0.0036643530187289155,0.0036643530187289155,154167,154734,-0.0036643530187289155,0.0036643530187289155,22069,22068,4.5314482508609755e-05,4.5314482508609755e-05,129247,126368,0.022782666497847555,0.022782666497847555,129247,150467,-0.14102760073637408,0.14102760073637408
16,W_v28_int_alu_dense,mechanism,25.71325098,30449975.51,7,331,0,14746128,5296,44832,7216,0,16,677888,80,10,70,14746128,80,True,True,True,0,0,0,0,0,0,0,0,64,0,37,1.0,0.0012529780263768632,0.8686312745256763,0.8697230298363774,-0.0012552907917207183,0.0012552907917207183,0.7335090947264258,0.7344293284935889,-0.0012529915833435245,0.0012529915833435245,62,168,-0.6309523809523809,0.6309523809523809,62,295,-0.7898305084745763,0.7898305084745763,62,295,-0.7898305084745763,0.7898305084745763,224,256,-0.125,0.125,12,12,0.0,0.0,12,281,-0.9572953736654805,0.9572953736654805
16,W_v28_int_div_serial,mechanism,5.404056517,25495220.55,5,434,0,14842630,6926,35175,7256,2831,2608,888832,262240,262154,86,14842630,262240,True,True,True,0,0,0,0,0,0,0,0,626,0,33,1.0,0.16075088556629988,4.503981760251436,3.880183309409959,0.1607652013060008,0.1607652013060008,0.9546797973135489,0.8224671531223862,0.1607512758281412,0.1607512758281412,76,117,-0.3504273504273504,0.3504273504273504,76,233,-0.6738197424892703,0.6738197424892703,76,233,-0.6738197424892703,0.6738197424892703,197395,197395,0.0,0.0,28,28,0.0,0.0,28,183,-0.8469945355191257,0.8469945355191257
16,W_v28_marine_base,business_base,12.72491703,15853674.06,9,1003,7,14029620,7740,53663,6864,30583,7681,2054144,1132512,937230,195282,14029620,1132512,True,True,True,0,0,0,0,0,0,0,0,4711,0,17773,1.0,0.011127041849540218,2.910176182176043,2.878157028956112,0.011124880573852537,0.011124880573852537,2.3358465874342995,2.3101415031299615,0.01112706051534539,0.01112706051534539,226683,226771,-0.0003880566739133311,0.0003880566739133311,194934,195498,-0.002884939999386183,0.002884939999386183,194934,195498,-0.002884939999386183,0.002884939999386183,17209,17200,0.0005232558139534884,0.0005232558139534884,165147,164972,0.0010607860727881095,0.0010607860727881095,165147,190660,-0.1338141193748033,0.1338141193748033
16,W_v28_marine_heldout,heldout,13.12614441,16749405.92,8,939,3,13124882,7876,42959,6416,18459,7821,1923072,691657,494975,196682,13124882,691657,True,True,True,0,0,0,0,0,0,0,0,2657,0,13426,1.0,0.0801821196328025,2.985247748229481,2.763658418875679,0.08017970956191812,0.08017970956191812,2.33947360441031,2.1658141832826194,0.08018204999677468,0.08018204999677468,206165,206271,-0.0005138870708921758,0.0005138870708921758,196341,196876,-0.0027174465145573864,0.0027174465145573864,196341,196876,-0.0027174465145573864,0.0027174465145573864,30500,30497,9.837033150801719e-05,9.837033150801719e-05,180370,170695,0.05668004335217786,0.05668004335217786,180370,194663,-0.07342432819796263,0.07342432819796263
16,W_v28_memory_random_mlp,mechanism,9.283017378,10699203.36,7,1199,166,8913744,3658,76928,4368,10846,3650,2455552,1179952,791256,388696,8913744,1179952,True,True,True,0,0,0,0,0,0,0,0,10336,0,395300,1.0,0.201200366580194,4.977795385710266,4.144006528101818,0.20120355794670247,0.20120355794670247,4.31891604694952,3.5954760956798797,0.20120838854661954,0.20120838854661954,549629,549718,-0.00016190119297530733,0.00016190119297530733,388695,389187,-0.001264173777644166,0.001264173777644166,388695,389187,-0.001264173777644166,0.001264173777644166,224,245,-0.08571428571428572,0.08571428571428572,364132,364103,7.964779197095327e-05,7.964779197095327e-05,364132,364373,-0.0006614101483918951,0.0006614101483918951
16,W_v28_memory_seq_moderate,mechanism,14.3017682,16483497.67,10,1491,196,8913616,3717,74256,4368,2185,3698,3053568,524560,154,524406,8913616,524560,True,True,True,0,0,0,0,0,0,0,0,4560,0,388,1.0,0.23793684320330075,6.108505313800779,8.170041469460882,-0.25232872603719325,0.25232872603719325,5.299993291162644,7.0886393011403435,-0.2523257192237108,0.2523257192237108,524406,524478,-0.00013727935204145837,0.00013727935204145837,524406,524889,-0.0009201945554202889,0.0009201945554202889,524406,524889,-0.0009201945554202889,0.0009201945554202889,224,240,-0.06666666666666667,0.06666666666666667,524317,524317,0.0,0.0,524317,524563,-0.0004689617834273481,0.0004689617834273481
16,W_v28_mysql_base,business_base,14.16831203,17914913.14,8,1550,5,15287031,11120,34646,7472,6500,10998,3174400,803968,604864,199104,15287031,803968,True,True,True,0,0,0,0,0,0,0,0,2194,0,347306,1.0,0.06125899012492725,4.196833550220442,3.9545878447158316,0.06125687809117768,0.06125687809117768,3.3191367898711004,3.1275467164026014,0.06125890061487928,0.06125890061487928,246758,246879,-0.0004901186411156882,0.0004901186411156882,199041,199572,-0.0026606938849137152,0.0026606938849137152,199041,199572,-0.0026606938849137152,0.0026606938849137152,10863,10848,0.0013827433628318584,0.0013827433628318584,167846,165216,0.015918555103621924,0.015918555103621924,167846,194533,-0.13718495062534378,0.13718495062534378
16,W_v28_mysql_heldout,heldout,13.2443445,17403530.13,7,1549,4,15042222,10341,34659,7355,9571,10297,3172352,801402,596433,204969,15042222,801402,True,True,True,0,0,0,0,0,0,0,0,2194,0,147108,1.0,0.053458562952274205,4.428556765170361,4.203833547035164,0.05345673552980885,0.05345673552980885,3.3701973684472946,3.1991741038470978,0.053458567445434264,0.053458567445434264,231256,231360,-0.0004495159059474412,0.0004495159059474412,204347,204957,-0.0029762340393350802,0.0029762340393350802,204347,204957,-0.0029762340393350802,0.0029762340393350802,22274,22259,0.0006738847207870974,0.0006738847207870974,187387,182943,0.02429171927868243,0.02429171927868243,187387,202620,-0.07518014016385352,0.07518014016385352
16,W_v28_pytorch_base,business_base,11.34833881,16931337.97,5,300,47,12727904,3635,101748,6224,8712,3617,614400,857696,663024,194672,12727904,857696,True,True,True,0,0,0,0,0,0,0,0,6841,0,109401,1.0,0.4157854534707944,1.1493734585556608,1.967385611568136,-0.4157863858526777,0.4157863858526777,0.7703749965430287,1.3186513303062561,-0.4157856752291681,0.4157856752291681,196715,196885,-0.0008634482058054194,0.0008634482058054194,194661,195086,-0.002178526393488,0.002178526393488,194661,195085,-0.002173411589819822,0.002173411589819822,1488,1532,-0.028720626631853787,0.028720626631853787,159670,159620,0.00031324395439168026,0.00031324395439168026,159670,189357,-0.15677793796902148,0.15677793796902148
16,W_v28_pytorch_heldout,heldout,11.15979258,17375166.59,6,275,0,12129809,4390,64515,5935,7591,4379,563200,682409,510929,171480,12129809,682409,True,True,True,0,0,0,0,0,0,0,0,4089,0,37588,1.0,0.4627318452889663,1.1534490178971741,2.1468825645697134,-0.46273306377689416,0.46273306377689416,0.7408419209238991,1.3789071381709714,-0.4627325507165213,0.4627325507165213,172230,172366,-0.0007890187159880719,0.0007890187159880719,171472,171891,-0.0024375912642314026,0.0024375912642314026,171472,171891,-0.0024375912642314026,0.0024375912642314026,13442,13448,-0.000446162998215348,0.000446162998215348,154841,154808,0.00021316727817683842,0.00021316727817683842,154841,170085,-0.08962577534762031,0.08962577534762031
16,W_v28_redis_base,business_base,14.33595251,18136338.58,6,724,5,13771680,6320,62640,6736,21568,6296,1482752,724368,578573,145795,13771680,724368,True,True,True,0,0,0,0,0,0,0,0,3648,0,2540,1.0,0.05088736017707628,2.173280673106319,2.2898070981048226,-0.050889188480089824,0.050889188480089824,1.7178797358056535,1.809984762323838,-0.05088718338155017,0.05088718338155017,197611,197758,-0.0007433327602423163,0.0007433327602423163,145626,146100,-0.00324435318275154,0.00324435318275154,145626,146100,-0.00324435318275154,0.00324435318275154,1488,1488,0.0,0.0,117188,117172,0.00013655139453111665,0.00013655139453111665,117188,141049,-0.1691681614190813,0.1691681614190813
16,W_v28_redis_heldout,heldout,14.91666506,19090167.83,11,1043,5,14106982,7500,51780,6896,22226,7483,2136064,626662,479604,147058,14106982,626662,True,True,True,0,0,0,0,0,0,0,0,2680,0,1689,1.0,0.09591960708497965,3.098148709605253,3.426858161405923,-0.09592152237366365,0.09592152237366365,2.420829770676676,2.6776712300703895,-0.09591971430598731,0.09591971430598731,173020,173162,-0.0008200413485637727,0.0008200413485637727,146888,147379,-0.0033315465568364558,0.0033315465568364558,146888,147379,-0.0033315465568364558,0.0033315465568364558,9577,9598,-0.002187955824130027,0.002187955824130027,133465,133465,0.0,0.0,133465,145788,-0.08452684720278761,0.08452684720278761
16,W_v28_simd_sse_dense,mechanism,15.79959206,31599429.57,10,101,0,14419312,1616,144202,7056,0,16,206848,320,218,102,14419312,320,True,True,True,0,0,0,0,0,0,0,0,240,0,37,1.0,0.16824242346045568,0.4554813027075011,0.5476125087729519,-0.16824160257385523,0.16824160257385523,0.22773888240992357,0.27380441248075427,-0.16824246787501515,0.16824246787501515,94,159,-0.4088050314465409,0.4088050314465409,94,248,-0.6209677419354839,0.6209677419354839,94,248,-0.6209677419354839,0.6209677419354839,256,256,0.0,0.0,14,14,0.0,0.0,14,238,-0.9411764705882353,0.9411764705882353
32,W_v28_bvc_encoder_base,business_base,11.46239904,14675806.19,5,651,5,28256824,13575,122056,13824,37421,13522,1333248,2040928,1826826,214102,28256824,2040928,True,True,True,0,0,0,0,0,0,0,0,9522,0,9216675,1.0,0.09621749791444005,1.9266839947794545,1.757578167280536,0.09621525269659698,0.09621525269659698,1.5048182343493381,1.3727369047594191,0.09621751198789773,0.09621751198789773,216234,216625,-0.0018049624927870744,0.0018049624927870744,214085,215213,-0.0052413190652981,0.0052413190652981,214085,215213,-0.0052413190652981,0.0052413190652981,7235,7169,0.00920630492397824,0.00920630492397824,144434,144398,0.00024931093228438065,0.00024931093228438065,144434,195526,-0.2613054018391416,0.2613054018391416
32,W_v28_bvc_encoder_heldout,heldout,11.37527296,14778114.9,2,632,4,26458432,12648,106570,12928,42236,12595,1294336,1887932,1697288,190644,26458432,1887932,True,True,True,0,0,0,0,0,0,0,0,8234,0,8061749,1.0,0.11182798688764939,2.028649241527102,1.8246116674419717,0.11182520517978622,0.11182520517978622,1.561527909136868,1.4044695176991084,0.11182755443141446,0.11182755443141446,191491,191794,-0.001579820015224668,0.001579820015224668,190626,191562,-0.004886146521752749,0.004886146521752749,190626,191561,-0.004880951759491755,0.004880951759491755,43150,43008,0.0033017113095238095,0.0033017113095238095,154511,154472,0.0002524729400797556,0.0002524729400797556,154511,184355,-0.16188332293672533,0.16188332293672533
32,W_v28_cache_L1_mixed,mechanism,17.04263895,21609861.94,4,309,28,27288928,8324,106592,13344,1278,1497,632832,541056,532532,8524,27288928,541056,True,True,True,0,0,0,0,0,0,0,0,2336,0,1514,1.0,0.13120124105902958,0.9225320889308523,0.8155354322762045,0.13119804783467734,0.13119804783467734,0.7275558424281086,0.6431714148611105,0.13120052542325814,0.13120052542325814,8380,8452,-0.008518693800283956,0.008518693800283956,8380,8707,-0.037555989433788906,0.037555989433788906,8380,8707,-0.037555989433788906,0.037555989433788906,9120,9344,-0.023972602739726026,0.023972602739726026,8247,8247,0.0,0.0,8247,8656,-0.047250462107208874,0.047250462107208874
32,W_v28_cache_L2_mixed,mechanism,16.21689666,20562830.61,1,608,37,27288928,10945,101536,13344,2449,10900,1245184,541056,474292,66764,27288928,541056,True,True,True,0,0,0,0,0,0,0,0,2336,0,1514,1.0,0.1780924204286957,1.8085846486108736,1.5351841994382935,0.17808967111087662,0.17808967111087662,1.4263420681090881,1.2107218822722368,0.17809225140309154,0.17809225140309154,524524,524619,-0.00018108379605008586,0.00018108379605008586,65723,66136,-0.006244707874682473,0.006244707874682473,65723,66135,-0.006229681711650412,0.006229681711650412,9120,9344,-0.023972602739726026,0.023972602739726026,65591,65591,0.0,0.0,65591,65996,-0.006136735559730893,0.006136735559730893
32,W_v28_coh_readmostly_sparse,mechanism,16.0241008,20785914.01,11,236,0,25175392,7520,108453,12320,14385,7488,483328,532864,467092,65772,25175392,532864,True,True,True,0,0,0,0,0,0,0,0,2528,0,2276,1.0,0.07158572758805304,0.7928742786479802,0.8540109286193761,-0.07158766699886562,0.07158766699886562,0.6112359243502544,0.6583654043880329,-0.07158559627170345,0.07158559627170345,524556,524644,-0.00016773278642279337,0.00016773278642279337,65756,66122,-0.0055352227700311545,0.0055352227700311545,65756,66122,-0.0055352227700311545,0.0055352227700311545,9120,9273,-0.01649951472015529,0.01649951472015529,2135,2135,0.0,0.0,2135,40164,-0.9468429439298874,0.9468429439298874
32,W_v28_flink_base,business_base,11.57765236,14601010.71,5,965,13,27796952,16398,89344,13598,20139,16239,1976320,1768012,1413088,354924,27796952,1768012,True,True,True,0,0,0,0,0,0,0,0,6382,0,6354,1.0,0.1406043020120301,2.8666476325945585,2.5132772114167494,0.14060145039814848,0.14060145039814848,2.2730652267198215,1.9928611075465994,0.14060393778178543,0.14060393778178543,421126,420985,0.00033492879793816884,0.00033492879793816884,323022,324002,-0.0030246726872056344,0.0030246726872056344,323022,324002,-0.0030246726872056344,0.0030246726872056344,14141,14103,0.002694462171169255,0.002694462171169255,204849,204822,0.0001318217769575534,0.0001318217769575534,204849,284034,-0.27878704662117915,0.27878704662117915
32,W_v28_flink_heldout,heldout,10.90956328,14326862.02,3,1066,17,25707103,13825,96859,12575,23610,13789,2183168,1546931,1175857,371074,25707103,1546931,True,True,True,0,0,0,0,0,0,0,0,6493,0,5672,1.0,0.1552065156376278,3.557138073428591,3.07922865092019,0.15520426596627818,0.15520426596627818,2.708675691695015,2.3447541400659424,0.15520669967506182,0.15520669967506182,384780,384858,-0.00020267215440500133,0.00020267215440500133,317490,318499,-0.003167984828837767,0.003167984828837767,317490,318499,-0.003167984828837767,0.003167984828837767,40337,40310,0.0006698089804018854,0.0006698089804018854,256175,256166,3.5133468141751835e-05,3.5133468141751835e-05,256175,305159,-0.1605195979800694,0.1605195979800694
32,W_v28_fp_alu_dense,mechanism,18.750676,23865334.06,6,61,0,27527552,1952,458752,13472,0,32,124928,544,340,204,27527552,544,True,True,True,0,0,0,0,0,0,0,0,384,0,149,1.0,0.004741029095195074,0.1825400480265611,0.18341022692826886,-0.004744440461589349,0.004744440461589349,0.14341929133400602,0.14410266956250614,-0.004742300962049125,0.004742300962049125,188,309,-0.39158576051779936,0.39158576051779936,188,483,-0.6107660455486542,0.6107660455486542,188,483,-0.6107660455486542,0.6107660455486542,512,480,0.06666666666666667,0.06666666666666667,24,24,0.0,0.0,24,453,-0.9470198675496688,0.9470198675496688
32,W_v28_gofeed_base,business_base,12.05156578,15121996.7,4,794,10,26182786,13286,102864,12800,40568,13252,1626112,1585920,1314172,271748,26182786,1585920,True,True,True,0,0,0,0,0,0,0,0,6833,0,35434,1.0,0.22957796513216042,2.4863528326322424,2.0221247759343473,0.2295743874081128,0.2295743874081128,1.981513770154177,1.6115406624671738,0.22957727118135274,0.22957727118135274,396987,397257,-0.000679660773756032,0.000679660773756032,271732,272654,-0.0033815751831992196,0.0033815751831992196,271732,272654,-0.0033815751831992196,0.0033815751831992196,48822,48788,0.0006968926785275068,0.0006968926785275068,128685,126271,0.019117612119964204,0.019117612119964204,128685,204526,-0.3708134907053382,0.3708134907053382
32,W_v28_gofeed_heldout,heldout,12.06873991,15492973.46,6,978,8,25644986,14533,91526,12544,36849,14500,2002944,1352402,1042843,309559,25644986,1352402,True,True,True,0,0,0,0,0,0,0,0,5385,0,31749,1.0,0.13988354616060666,3.202579270029439,2.809574655853349,0.1398804667309056,0.1398804667309056,2.494750045876414,2.1886017825633903,0.13988303662736162,0.13988303662736162,376314,376581,-0.0007090108104232556,0.0007090108104232556,308197,309326,-0.0036498710098730788,0.0036498710098730788,308197,309325,-0.003646649963630486,0.003646649963630486,44296,44289,0.000158052789631737,0.000158052789631737,220423,215913,0.02088804286911858,0.02088804286911858,220423,282469,-0.21965596224718464,0.21965596224718464
32,W_v28_int_alu_dense,mechanism,20.18157287,23899288.35,12,331,0,29492256,10592,89664,14432,0,32,677888,160,20,140,29492256,160,True,True,True,0,0,0,0,0,0,0,0,128,0,149,1.0,0.0013659769343960062,0.8686487412401416,0.869839013105833,-0.0013683817899147368,0.0013683817899147368,0.7335238443610418,0.734527213096033,-0.0013660062106643854,0.0013660062106643854,124,336,-0.6309523809523809,0.6309523809523809,124,592,-0.7905405405405406,0.7905405405405406,124,592,-0.7905405405405406,0.7905405405405406,448,512,-0.125,0.125,22,22,0.0,0.0,22,566,-0.9611307420494699,0.9611307420494699
32,W_v28_int_div_serial,mechanism,4.483976454,21153650.09,6,434,0,29684105,13859,70189,14512,5603,5166,888832,524480,524308,172,29684105,524480,True,True,True,0,0,0,0,0,0,0,0,1242,0,127,1.0,0.16078060808863798,4.505226954295101,3.881154729037766,0.16079550258282485,0.16079550258282485,0.954980889604049,0.8227053998403602,0.1607811128860415,0.1607811128860415,153,254,-0.39763779527559057,0.39763779527559057,153,488,-0.6864754098360656,0.6864754098360656,153,488,-0.6864754098360656,0.6864754098360656,395268,395268,0.0,0.0,54,54,0.0,0.0,54,394,-0.8629441624365483,0.8629441624365483
32,W_v28_marine_base,business_base,10.65162276,13270420.62,4,1059,15,28058571,15513,106617,13728,62402,15429,2168832,2265024,1874334,390690,28058571,2265024,True,True,True,0,0,0,0,0,0,0,0,9353,0,37666,1.0,0.07959352114377613,3.0767352834284982,2.849908148132887,0.07959103364233572,0.07959103364233572,2.469569316270597,2.28749937452751,0.07959343891872951,0.07959343891872951,453413,453619,-0.0004541255987954649,0.0004541255987954649,389986,391157,-0.0029936828434618326,0.0029936828434618326,389986,391157,-0.0029936828434618326,0.0029936828434618326,34683,34667,0.00046153402371131047,0.00046153402371131047,283917,283361,0.0019621613418924974,0.0019621613418924974,283917,362263,-0.2162682912690504,0.2162682912690504
32,W_v28_marine_heldout,heldout,11.6551535,14872246.64,2,1044,7,26248048,16170,87414,12832,37587,16051,2138112,1383134,989712,393422,26248048,1383134,True,True,True,0,0,0,0,0,0,0,0,5391,0,29130,1.0,0.1470981709104367,3.3157481824674884,2.8905595537648416,0.14709561273313157,0.14709561273313157,2.5985014199913077,2.265282486290046,0.1470981812281563,0.1470981812281563,412331,412557,-0.0005478030914516054,0.0005478030914516054,392737,393756,-0.0025878970733144383,0.0025878970733144383,392737,393756,-0.0025878970733144383,0.0025878970733144383,60976,60974,3.280086594286089e-05,3.280086594286089e-05,334266,318738,0.04871712817423715,0.04871712817423715,334266,381743,-0.12436901266035003,0.12436901266035003
32,W_v28_memory_random_mlp,mechanism,7.771644991,8957261.07,1,1660,260,17827488,7333,153856,8736,21561,7324,3399680,2359904,1582499,777405,17827488,2359904,True,True,True,0,0,0,0,0,0,0,0,20672,0,793064,1.0,0.44646227874737415,6.854235864289734,4.738724131911895,0.44643065801855625,0.44643065801855625,5.946983949729765,4.11147205992022,0.446436668681913,0.446436668681913,1099199,1099389,-0.00017282326819715313,0.00017282326819715313,777404,778304,-0.0011563604966696817,0.0011563604966696817,777404,778304,-0.0011563604966696817,0.0011563604966696817,448,492,-0.08943089430894309,0.08943089430894309,728522,728474,6.589116426941798e-05,6.589116426941798e-05,728522,728996,-0.0006502093289949465,0.0006502093289949465
32,W_v28_memory_seq_moderate,mechanism,11.48625253,13238476.12,2,1930,212,17827232,7632,148512,8736,4142,7590,3952640,1049120,308,1048812,17827232,1049120,True,True,True,0,0,0,0,0,0,0,0,9120,0,1423,1.0,0.15655672489743666,7.897210681287808,7.98771374442292,-0.011330283737108399,0.011330283737108399,6.851948468500326,6.930443890205492,-0.011326175198691156,0.011326175198691156,1048812,1048963,-0.0001439516932437083,0.0001439516932437083,1048812,1049811,-0.0009515998594032641,0.0009515998594032641,1048812,1049810,-0.0009506482125336966,0.0009506482125336966,448,480,-0.06666666666666667,0.06666666666666667,1048668,1048651,1.6211303856097023e-05,1.6211303856097023e-05,1048668,1049123,-0.0004336955723971355,0.0004336955723971355
32,W_v28_mysql_base,business_base,11.4854265,14522701.08,4,1507,10,30573083,22142,69247,14944,13052,21910,3086336,1607936,1209822,398114,30573083,1607936,True,True,True,0,0,0,0,0,0,0,0,4395,0,677677,1.0,0.1085751932545664,4.0749288381442845,3.6758329352977084,0.10857291663454043,0.10857291663454043,3.2226990977651813,2.9070643012039916,0.10857509977693515,0.10857509977693515,493486,493772,-0.000579214698281798,0.000579214698281798,397985,399156,-0.0029336900860816324,0.0029336900860816324,397985,399156,-0.0029336900860816324,0.0029336900860816324,21975,21947,0.0012758007928190642,0.0012758007928190642,287738,282804,0.017446712210576937,0.017446712210576937,287738,368959,-0.22013557061895767,0.22013557061895767
32,W_v28_mysql_heldout,heldout,11.08085892,14560580.67,2,1585,8,30086649,20648,69211,14713,18828,20528,3246080,1603025,1193133,409892,30086649,1603025,True,True,True,0,0,0,0,0,0,0,0,4373,0,293729,1.0,0.09661039545958088,4.531831040687449,4.13258840452041,0.09660837157901563,0.09660837157901563,3.448803421078898,3.1449670763315796,0.09661034197589298,0.09661034197589298,462515,462755,-0.0005186329699300926,0.0005186329699300926,408646,409946,-0.0031711493708927517,0.0031711493708927517,408646,409946,-0.0031711493708927517,0.0031711493708927517,44268,44242,0.0005876768681343519,0.0005876768681343519,346045,338283,0.022945285456259994,0.022945285456259994,346045,396875,-0.1280755905511811,0.1280755905511811
32,W_v28_pytorch_base,business_base,9.906877631,14780726.6,3,406,95,25455808,7133,199886,12448,16502,7097,831488,1715392,1325983,389409,25455808,1715392,True,True,True,0,0,0,0,0,0,0,0,13490,0,206881,1.0,0.23887953846040694,1.5505554474525727,2.037204452174663,-0.23888078793594092,0.23888078793594092,1.039269820074067,1.365447747635383,-0.23887983126866277,0.23887983126866277,393460,393856,-0.0010054436139096522,0.0010054436139096522,389387,390287,-0.002305995331640562,0.002305995331640562,389387,390287,-0.002305995331640562,0.002305995331640562,2976,3046,-0.02298095863427446,0.02298095863427446,266200,266053,0.0005525214900790444,0.0005525214900790444,266200,355394,-0.25097216047541604,0.25097216047541604
32,W_v28_pytorch_heldout,heldout,9.41366745,14656565.61,3,407,71,24259483,9330,152252,11870,16449,9277,833536,1364803,1021879,342924,24259483,1364803,True,True,True,0,0,0,0,0,0,0,0,8527,0,129200,1.0,0.2790735589418589,1.7066243017904419,2.3672686700358145,-0.27907452018759565,0.27907452018759565,1.096136302657398,1.5204556527904303,-0.27907380879823507,0.27907380879823507,344460,344858,-0.0011540982085380068,0.0011540982085380068,342910,343783,-0.0025393925819484965,0.0025393925819484965,342910,343783,-0.0025393925819484965,0.0025393925819484965,26839,26849,-0.0003724533502178852,0.0003724533502178852,280815,280624,0.0006806260334112549,0.0006806260334112549,280815,332117,-0.1544696597885685,0.1544696597885685
32,W_v28_redis_base,business_base,12.73369038,16109325.14,6,741,11,27543360,12598,125280,13472,43593,12554,1517568,1448736,1157150,291586,27543360,1448736,True,True,True,0,0,0,0,0,0,0,0,7296,0,9101,1.0,0.001425913552557206,2.2238210608082682,2.226846898984471,-0.0013587993757373362,0.0013587993757373362,1.7578296184633972,1.7602175636083868,-0.001356619314770565,0.001356619314770565,395251,395573,-0.0008140090451067186,0.0008140090451067186,291250,292245,-0.0034046775821656486,0.0034046775821656486,291250,292245,-0.0034046775821656486,0.0034046775821656486,2976,2976,0.0,0.0,193327,193288,0.00020177144985720788,0.00020177144985720788,193327,260817,-0.2587638075738928,0.2587638075738928
32,W_v28_redis_heldout,heldout,12.4972827,15993868.49,3,1066,10,28212812,15006,103930,13792,45131,14965,2183168,1253196,959070,294126,28212812,1253196,True,True,True,0,0,0,0,0,0,0,0,5384,0,5886,1.0,0.06217474763641353,3.164238185348495,3.3740239074186302,-0.062176714755597697,0.062176714755597697,2.47247119500176,2.6363880319266677,-0.062174776603396056,0.062174776603396056,346028,346320,-0.0008431508431508432,0.0008431508431508432,293788,294757,-0.0032874537330750413,0.0032874537330750413,293788,294756,-0.003284072249589491,0.003284072249589491,19329,19375,-0.0023741935483870967,0.0023741935483870967,244447,244447,0.0,0.0,244447,284583,-0.1410344258089907,0.1410344258089907
32,W_v28_simd_sse_dense,mechanism,12.11982266,24239833.61,5,101,0,28838624,3232,288406,14112,0,32,206848,640,436,204,28838624,640,True,True,True,0,0,0,0,0,0,0,0,480,0,149,1.0,0.16845161191868013,0.4555064081225033,0.5477806726584409,-0.1684511139980902,0.1684511139980902,0.2277514350199233,0.273888503355596,-0.16845200791714815,0.16845200791714815,188,327,-0.42507645259938837,0.42507645259938837,188,500,-0.624,0.624,188,499,-0.6232464929859719,0.6232464929859719,512,512,0.0,0.0,24,24,0.0,0.0,24,470,-0.948936170212766,0.948936170212766
