cores,workload,domain,fastsim_mips,fastsim_uops_per_second,frontier_waits,interval_steps,interval_zero_progress_steps,interval_accepted_uops,interval_active_prefixes,max_interval_accepted_uops,epoch_lookahead_chunks,epoch_inflight_memory_uops,epoch_corrected_horizon_violations,epoch_advanced_cycles,batch_memory_events,interval_private_memory_events,interval_escape_memory_events,max_batch_memory_events,reordered_memory_event_pairs,same_line_reordered_pairs,branch_outcome_coverage,per_core_uop_cpi_mape,macro_cpi_fastsim,macro_cpi_gem5,macro_cpi_signed_error,macro_cpi_absolute_error,uop_cpi_fastsim,uop_cpi_gem5,uop_cpi_signed_error,uop_cpi_absolute_error,l1d_miss_fastsim,l1d_miss_gem5,l1d_miss_signed_error,l1d_miss_absolute_error,private_l2_miss_fastsim,private_l2_miss_gem5,private_l2_miss_signed_error,private_l2_miss_absolute_error,cha_llc_lookup_fastsim,cha_llc_lookup_gem5,cha_llc_lookup_signed_error,cha_llc_lookup_absolute_error,branch_miss_fastsim,branch_miss_gem5,branch_miss_signed_error,branch_miss_absolute_error,llc_tag_vs_functional_path_fastsim,llc_tag_vs_functional_path_gem5,llc_tag_vs_functional_path_signed_error,llc_tag_vs_functional_path_absolute_error,llc_tag_vs_ruby_demand_miss_fastsim,llc_tag_vs_ruby_demand_miss_gem5,llc_tag_vs_ruby_demand_miss_signed_error,llc_tag_vs_ruby_demand_miss_absolute_error
4,W_v28_bvc_encoder_base,business_base,14.93116799,19117183.04,393,616,4,3532186,1653,15218,13800,4115,1651,1261568,255116,228358,26758,1186,0,1172156,1.0,0.023423638516613426,1.8275879318113193,1.7857627804285172,0.0234214487171502,0.0234214487171502,1.4274081262991247,1.3947390399260293,0.023423081621654487,0.023423081621654487,27031,27067,-0.001330032881368456,0.001330032881368456,26755,26871,-0.004316921588329426,0.004316921588329426,26755,26871,-0.004316921588329426,0.004316921588329426,860,852,0.009389671361502348,0.009389671361502348,25630,25630,0.0,0.0,25630,26829,-0.04469044690446904,0.04469044690446904
4,W_v28_bvc_encoder_heldout,heldout,12.78503941,16609502.04,812,553,4,3307714,1562,13732,12922,4435,1556,1132544,236042,212224,23818,1019,0,975819,1.0,0.02478481130870548,1.7770764404058303,1.7340999960724246,0.024783140782390523,0.024783140782390523,1.3678912384807151,1.3348082600329227,0.024784816994596972,0.024784816994596972,23942,23968,-0.0010847797062750334,0.0010847797062750334,23815,23921,-0.004431252874043727,0.004431252874043727,23815,23921,-0.004431252874043727,0.004431252874043727,5365,5351,0.002616333395626986,0.002616333395626986,23247,23247,0.0,0.0,23247,23902,-0.02740356455526734,0.02740356455526734
4,W_v28_cache_L1_mixed,mechanism,15.3218044,19427864.35,1951,274,6,3411116,1040,13324,13328,255,282,561152,67632,66566,1066,292,0,24,1.0,0.022729977199704213,0.8324379781278576,0.8139404176356185,0.02272593925974562,0.02272593925974562,0.6565030330249689,0.6419138252142907,0.022727673462723526,0.022727673462723526,1047,1056,-0.008522727272727272,0.008522727272727272,1047,1088,-0.03768382352941176,0.03768382352941176,1047,1088,-0.03768382352941176,0.03768382352941176,1140,1168,-0.023972602739726026,0.023972602739726026,1034,1034,0.0,0.0,1034,1083,-0.04524469067405355,0.04524469067405355
4,W_v28_cache_L2_mixed,mechanism,12.074477,15310292.13,2172,488,46,3411116,1353,12688,13328,140,1350,999424,67632,59286,8346,292,0,24,1.0,0.07645924130369212,1.4152276055877302,1.3146500324140433,0.07650520723678833,0.07650520723678833,1.1161206479052603,1.0367982874918247,0.07650703263151476,0.07650703263151476,65566,65577,-0.00016774173871936807,0.00016774173871936807,8215,8261,-0.005568333131582133,0.005568333131582133,8215,8261,-0.005568333131582133,0.005568333131582133,1140,1168,-0.023972602739726026,0.023972602739726026,8202,8202,0.0,0.0,8202,8254,-0.006299975769323964,0.006299975769323964
4,W_v28_coh_readmostly_sparse,mechanism,23.7334729,30786247.11,38,235,0,3146924,940,13629,12296,921,936,481280,66608,58386,8222,312,0,41,1.0,0.07327135562265401,0.7931949711459192,0.8559100284747149,-0.07327295538359076,0.07327295538359076,0.611483149894945,0.6598297714132277,-0.07327135514775822,0.07327135514775822,65570,65578,-0.00012199213150751776,0.00012199213150751776,8219,8257,-0.004602155746639215,0.004602155746639215,8219,8257,-0.004602155746639215,0.004602155746639215,1140,1168,-0.023972602739726026,0.023972602739726026,2062,2062,0.0,0.0,2062,5099,-0.5956069817611296,0.5956069817611296
4,W_v28_flink_base,business_base,15.57323746,19639881.93,14,932,51,3474694,2083,11261,13574,2409,2056,1908736,221009,176672,44337,803,0,226,1.0,0.0677905917216785,2.7623759537343995,2.587007128977067,0.06778830363203339,0.06778830363203339,2.1903969097710476,2.0513365844392992,0.06779010640506777,0.06779010640506777,52620,52642,-0.000417917252384028,0.000417917252384028,40362,40461,-0.0024468006228219766,0.0024468006228219766,40362,40461,-0.0024468006228219766,0.0024468006228219766,1758,1753,0.002852253280091272,0.002852253280091272,38233,38232,2.6156099602427287e-05,2.6156099602427287e-05,38233,40365,-0.05281803542673108,0.05281803542673108
4,W_v28_flink_heldout,heldout,14.55186071,19109815.76,157,912,83,3213273,1709,12275,12554,2576,1704,1867776,193362,146942,46420,826,0,216,1.0,0.07176117404035923,3.0513261265546947,2.8470269220945084,0.07175878909844904,0.07175878909844904,2.3235426930733865,2.167968134879659,0.0717605372933044,0.0717605372933044,48105,48131,-0.0005401923915979306,0.0005401923915979306,39712,39809,-0.0024366349317993417,0.0024366349317993417,39712,39809,-0.0024366349317993417,0.0024366349317993417,5069,5069,0.0,0.0,38768,38768,0.0,0.0,38768,39768,-0.025145845906256285,0.025145845906256285
4,W_v28_fp_alu_dense,mechanism,19.85949941,25276613.36,854,61,0,3440944,244,57344,13444,0,4,124928,68,42,26,48,0,1,1.0,0.0038510191726039054,0.18255308666086678,0.18325913366149857,-0.003852724753877427,0.003852724753877427,0.14342953561580776,0.14398402773640534,-0.0038510668809230556,0.0038510668809230556,23,31,-0.25806451612903225,0.25806451612903225,23,54,-0.5740740740740741,0.5740740740740741,23,54,-0.5740740740740741,0.5740740740740741,64,60,0.06666666666666667,0.06666666666666667,7,7,0.0,0.0,7,52,-0.8653846153846154,0.8653846153846154
4,W_v28_gofeed_base,business_base,15.95655205,20020232.63,29,1033,135,3272580,1683,12806,12786,4379,1682,2115584,198240,164295,33945,852,0,4601,1.0,0.10450470934341125,3.2408465845396033,2.9342149453596327,0.10450210529562559,0.10450210529562559,2.5830237916261787,2.3386275931590803,0.10450411137797339,0.10450411137797339,49620,49644,-0.00048344210780759005,0.00048344210780759005,33942,34036,-0.002761781642966271,0.002761781642966271,33942,34036,-0.002761781642966271,0.002761781642966271,5901,5896,0.0008480325644504749,0.0008480325644504749,31005,30398,0.01996841897493256,0.01996841897493256,31005,33888,-0.0850743626062323,0.0850743626062323
4,W_v28_gofeed_heldout,heldout,12.01842531,15428059.26,893,1067,122,3204856,1794,11377,12521,3504,1790,2185216,168968,130255,38713,673,0,3770,1.0,0.0792419185846795,3.493651304827091,3.2371412503785164,0.07923968545350965,0.07923968545350965,2.721546927537462,2.5217217384629738,0.07924156976823485,0.07924156976823485,47048,47072,-0.0005098572399728076,0.0005098572399728076,38542,38659,-0.0030264621433560104,0.0030264621433560104,38542,38659,-0.0030264621433560104,0.0030264621433560104,5636,5635,0.0001774622892635315,0.0001774622892635315,37139,36293,0.02331028021932604,0.02331028021932604,37139,38589,-0.037575474876260076,0.037575474876260076
4,W_v28_int_alu_dense,mechanism,14.36605163,17012470.37,2565,331,0,3686532,1324,11208,14404,0,4,677888,20,2,18,16,0,1,1.0,0.0010865985198824006,0.8686506284483712,0.8695971444320666,-0.0010884534174886334,0.0010884534174886334,0.7335254379997244,0.7343233638577826,-0.0010866137417531543,0.0010866137417531543,15,42,-0.6428571428571429,0.6428571428571429,15,73,-0.7945205479452054,0.7945205479452054,15,73,-0.7945205479452054,0.7945205479452054,56,64,-0.125,0.125,5,5,0.0,0.0,5,68,-0.9264705882352942,0.9264705882352942
4,W_v28_int_div_serial,mechanism,3.429391831,16176163.49,2225,434,0,3709970,1733,9039,14494,698,671,888832,65560,65538,22,161,0,1,1.0,0.16115949387545134,4.5057429906779705,3.880342412807551,0.16117149244515314,0.16117149244515314,0.9552300962002388,0.8226513217956594,0.16116034933875795,0.16116034933875795,19,28,-0.32142857142857145,0.32142857142857145,19,56,-0.6607142857142857,0.6607142857142857,19,56,-0.6607142857142857,0.6607142857142857,49452,49452,0.0,0.0,9,9,0.0,0.0,9,52,-0.8269230769230769,0.8269230769230769
4,W_v28_marine_base,business_base,14.13489651,17610237.37,28,931,62,3507372,1898,13420,13703,5052,1881,1906688,283128,234283,48845,1176,0,4331,1.0,0.02403395334993316,2.708351449275362,2.7750517545392674,-0.024035697768447304,0.024035697768447304,2.1738643634037107,2.2273976711477728,-0.024034014418483466,0.024034014418483466,56675,56688,-0.0002293254304261925,0.0002293254304261925,48757,48876,-0.002434732793190932,0.002434732793190932,48757,48876,-0.002434732793190932,0.002434732793190932,4327,4325,0.00046242774566473987,0.00046242774566473987,47071,47054,0.00036128703192077186,0.00036128703192077186,47071,48760,-0.03463904840032814,0.03463904840032814
4,W_v28_marine_heldout,heldout,12.93800928,16509785.62,764,872,35,3281077,1941,10978,12818,3014,1925,1785856,172874,123696,49178,682,0,3148,1.0,0.05243655371235822,2.7694881728225185,2.6315069979554697,0.05243428004343223,0.05243428004343223,2.170328828003732,2.0621953382678604,0.052436104247378476,0.052436104247378476,51536,51554,-0.0003491484656864647,0.0003491484656864647,49090,49203,-0.002296607930410747,0.002296607930410747,49090,49203,-0.002296607930410747,0.002296607930410747,7789,7786,0.0003853069612124326,0.0003853069612124326,48134,45456,0.058914114748328056,0.058914114748328056,48134,49061,-0.018894845192719268,0.018894845192719268
4,W_v28_memory_random_mlp,mechanism,10.21985416,11778960.81,23,815,244,2228436,881,19232,8708,2519,880,1669120,294988,197726,97262,2584,0,98400,1.0,0.03826787479823096,3.435611169957465,3.5723553957519174,-0.038278449550977554,0.038278449550977554,2.98086101642587,3.0994953010087247,-0.03827535552134744,0.03827535552134744,137390,137417,-0.00019648224018862294,0.00019648224018862294,97262,97327,-0.0006678516752802408,0.0006678516752802408,97262,97326,-0.0006575837905595627,0.0006575837905595627,56,61,-0.08196721311475409,0.08196721311475409,91142,91132,0.0001097309397357679,0.0001097309397357679,91142,91206,-0.000701708220950376,0.000701708220950376
4,W_v28_memory_seq_moderate,mechanism,12.55998463,14476005.65,620,1040,362,2228404,953,18564,8708,483,950,2129920,131140,38,131102,1140,0,44,1.0,0.20584784460280178,4.3626004419029965,5.49341494144201,-0.20584909598002754,0.20584909598002754,3.785173604068203,4.766299965222074,-0.20584654098835298,0.20584654098835298,131102,131116,-0.000106775679550932,0.000106775679550932,131102,131207,-0.0008002621811336285,0.0008002621811336285,131102,131207,-0.0008002621811336285,0.0008002621811336285,56,60,-0.06666666666666667,0.06666666666666667,131082,131082,0.0,0.0,131082,131148,-0.0005032482386311648,0.0005032482386311648
4,W_v28_mysql_base,business_base,16.54896736,20925197.2,27,1622,191,3821689,2730,8842,14932,1612,2704,3321856,200992,151196,49796,547,0,89802,1.0,0.07534241677049124,4.394044797684514,4.086188499708018,0.07534069903982506,0.07534069903982506,3.4750881089486874,3.231610980424993,0.07534233854214542,0.07534233854214542,61682,61704,-0.00035654090496564243,0.00035654090496564243,49779,49889,-0.0022048948666038605,0.0022048948666038605,49779,49889,-0.0022048948666038605,0.0022048948666038605,2692,2688,0.001488095238095238,0.001488095238095238,48008,47330,0.014324952461440946,0.014324952461440946,48008,49780,-0.03559662515066292,0.03559662515066292
4,W_v28_mysql_heldout,heldout,12.53955224,16476613.04,904,1550,202,3761230,2531,9297,14695,2246,2523,3174400,200362,149099,51263,541,0,37069,1.0,0.07584894546982983,4.433611645804876,4.121040963464829,0.07584750676131329,0.07584750676131329,3.3742071077812312,3.136320335973324,0.07584900339399858,0.07584900339399858,57813,57833,-0.0003458233188663912,0.0003458233188663912,51108,51228,-0.0023424689622862497,0.0023424689622862497,51108,51228,-0.0023424689622862497,0.0023424689622862497,5465,5462,0.0005492493592090809,0.0005492493592090809,50103,49007,0.022364152059909808,0.022364152059909808,50103,51094,-0.01939562375229968,0.01939562375229968
4,W_v28_pytorch_base,business_base,12.14911245,18126065.17,24,165,0,3181976,660,21812,12432,1400,657,337920,214424,165759,48665,1584,0,2946,1.0,0.655686850516553,0.6326434539606328,1.8374091314883305,-0.6556872157001954,0.6556872157001954,0.42403336794494995,1.2315341592088238,-0.6556868806486356,0.6556868806486356,49181,49207,-0.0005283801085211454,0.0005283801085211454,48662,48762,-0.002050777244575694,0.002050777244575694,48662,48762,-0.002050777244575694,0.002050777244575694,372,384,-0.03125,0.03125,46611,46609,4.291016756420434e-05,4.291016756420434e-05,46611,48652,-0.041950998931184744,0.041950998931184744
4,W_v28_pytorch_heldout,heldout,12.42490714,19344687.74,196,189,0,3032594,756,17207,11849,1032,752,387072,170618,127737,42881,1035,0,184,1.0,0.5891424128652631,0.7941776542427736,1.9329778244168603,-0.5891429046878173,0.5891429046878173,0.5100926797322688,1.241532143051459,-0.589142590800304,0.589142590800304,43061,43088,-0.0006266245822502785,0.0006266245822502785,42878,42978,-0.002326771836753688,0.002326771836753688,42878,42978,-0.002326771836753688,0.002326771836753688,3334,3338,-0.0011983223487118035,0.0011983223487118035,41943,41940,7.15307582260372e-05,7.15307582260372e-05,41943,42946,-0.023354910818236856,0.023354910818236856
4,W_v28_redis_base,business_base,17.51258818,22155083.76,26,693,27,3442920,1561,15388,13452,3742,1558,1419264,181092,144623,36469,896,0,331,1.0,0.06397911322808027,2.0803010282670553,2.2225021348646545,-0.06398243869685144,0.06398243869685144,1.6443835465244618,1.7567840982462377,-0.06398085674499393,0.06398085674499393,49400,49426,-0.0005260389268805891,0.0005260389268805891,36426,36522,-0.0026285526531953343,0.0026285526531953343,36426,36522,-0.0026285526531953343,0.0026285526531953343,372,372,0.0,0.0,34696,34696,0.0,0.0,34696,36468,-0.048590545135461224,0.048590545135461224
4,W_v28_redis_heldout,heldout,13.18026801,16867954.1,1132,1053,99,3527029,1897,13085,13779,3795,1894,2156544,156697,119932,36765,659,0,204,1.0,0.05857832001022707,3.126253879338028,3.3207848883092965,-0.05857982841830798,0.05857982841830798,2.4427896680180403,2.594787995633745,-0.05857832234135218,0.05857832234135218,43259,43287,-0.0006468454732367685,0.0006468454732367685,36722,36829,-0.0029053191778218254,0.0029053191778218254,36722,36828,-0.0028782448137286845,0.0028782448137286845,2372,2379,-0.0029424127784783522,0.0029424127784783522,35992,35992,0.0,0.0,35992,36793,-0.021770445465170006,0.021770445465170006
4,W_v28_simd_sse_dense,mechanism,8.001488959,16003102.22,2351,101,0,3604828,404,36056,14084,0,4,206848,80,54,26,60,0,1,1.0,0.1680191583036927,0.4555220816688859,0.5475146636839968,-0.16801848081315549,0.16801848081315549,0.22775927173224353,0.2737554333066378,-0.16801917324093166,0.16801917324093166,23,33,-0.30303030303030304,0.30303030303030304,23,56,-0.5892857142857143,0.5892857142857143,23,56,-0.5892857142857143,0.5892857142857143,64,64,0.0,0.0,7,7,0.0,0.0,7,54,-0.8703703703703703,0.8703703703703703
8,W_v28_bvc_encoder_base,business_base,12.15939264,15568257.58,24,626,1,7064282,3423,30566,27600,8399,3413,1282048,510232,456709,53523,2386,0,2309022,1.0,0.023644689928764465,1.8530683181002015,1.810268677989313,0.023642700462799048,0.023642700462799048,1.4473158064754492,1.4138850515356656,0.023644605976612765,0.023644605976612765,54061,54135,-0.0013669529879006188,0.0013669529879006188,53518,53762,-0.004538521632379748,0.004538521632379748,53518,53762,-0.004538521632379748,0.004538521632379748,1767,1751,0.009137635636778984,0.009137635636778984,48588,48585,6.174745291756716e-05,6.174745291756716e-05,48588,53377,-0.0897202915113251,0.0897202915113251
8,W_v28_bvc_encoder_heldout,heldout,12.257897,15924708.07,9,564,2,6615118,3073,26312,25843,8472,3062,1155072,472046,424392,47654,2034,0,1978436,1.0,0.02408008894050849,1.8098454298039681,1.7672922811164438,0.02407816134445087,0.02407816134445087,1.3931118084363725,1.3603543190973109,0.024080115657513772,0.024080115657513772,47876,47942,-0.0013766634683575988,0.0013766634683575988,47649,47880,-0.004824561403508772,0.004824561403508772,47649,47880,-0.004824561403508772,0.004824561403508772,10744,10707,0.0034556831979079107,0.0034556831979079107,45192,45190,4.425757911042266e-05,4.425757911042266e-05,45192,47733,-0.05323361196656401,0.05323361196656401
8,W_v28_cache_L1_mixed,mechanism,21.5510028,27326413.28,23,288,9,6822232,2077,26648,26656,3,55,589824,135264,133133,2131,584,0,88,1.0,0.06706614185638649,0.868656186574876,0.8140641529941707,0.06706109509909378,0.06706109509909378,0.6850665588622609,0.6420112276231366,0.06706320604162078,0.06706320604162078,2094,2112,-0.008522727272727272,0.008522727272727272,2094,2179,-0.03900871959614502,0.03900871959614502,2094,2178,-0.03856749311294766,0.03856749311294766,2280,2336,-0.023972602739726026,0.023972602739726026,2064,2064,0.0,0.0,2064,2163,-0.04576976421636616,0.04576976421636616
8,W_v28_cache_L2_mixed,mechanism,18.66176282,23662891.61,262,491,11,6822232,2719,25376,26656,395,2712,1005568,135264,118573,16691,584,0,88,1.0,0.05325576689949703,1.386471723081727,1.3163273726727516,0.053287922036104135,0.053287922036104135,1.0934422927862906,1.0381208279166454,0.05329000573147844,0.05329000573147844,131131,131154,-0.00017536636320661207,0.00017536636320661207,16430,16530,-0.006049606775559589,0.006049606775559589,16430,16529,-0.005989473047371287,0.005989473047371287,2280,2336,-0.023972602739726026,0.023972602739726026,16400,16400,0.0,0.0,16400,16504,-0.006301502666020358,0.006301502666020358
8,W_v28_coh_readmostly_sparse,mechanism,20.5335042,26635357.45,14,235,0,6293848,1880,27184,24592,1850,1872,481280,133216,116773,16443,624,0,237,1.0,0.0730488434174847,0.792570692497939,0.8550313394728967,-0.07305071064817689,0.07305071064817689,0.611001886286418,0.6591521914006537,-0.07304884326018783,0.07304884326018783,131139,131155,-0.00012199306164461896,0.00012199306164461896,16439,16515,-0.004601877081441114,0.004601877081441114,16439,16515,-0.004601877081441114,0.004601877081441114,2280,2336,-0.023972602739726026,0.023972602739726026,2072,2072,0.0,0.0,2072,10182,-0.7965036338636811,0.7965036338636811
8,W_v28_flink_base,business_base,12.08380293,15239387.69,15,944,9,6949148,4192,22326,27149,5161,4156,1933312,441994,353261,88733,1592,0,618,1.0,0.06531527090865011,2.8001573081504785,2.6284831564260815,0.06531301191894275,0.06531301191894275,2.2203352123166753,2.084205124707214,0.06531511030066411,0.06531511030066411,105251,105268,-0.00016149257134171827,0.00016149257134171827,80756,80965,-0.0025813623170505774,0.0025813623170505774,80756,80965,-0.0025813623170505774,0.0025813623170505774,3551,3542,0.002540937323546019,0.002540937323546019,71739,71735,5.5760786227085804e-05,5.5760786227085804e-05,71739,80066,-0.10400169859865611,0.10400169859865611
8,W_v28_flink_heldout,heldout,11.5641546,15186339.17,11,932,14,6426974,3393,24276,25110,5378,3384,1908736,386762,294066,92696,1630,0,564,1.0,0.06163455395982929,3.1121223415102213,2.9314512718054884,0.06163195392071352,0.06163195392071352,2.3698314323350305,2.232249052166143,0.0616339740565147,0.0616339740565147,96195,96242,-0.0004883522786309512,0.0004883522786309512,79355,79577,-0.002789750807394096,0.002789750807394096,79355,79577,-0.002789750807394096,0.002789750807394096,10082,10076,0.0005954743946010321,0.0005954743946010321,75120,75119,1.3312211291417618e-05,1.3312211291417618e-05,75120,79257,-0.05219728225898028,0.05219728225898028
8,W_v28_fp_alu_dense,mechanism,16.85953038,21458336.99,80,61,0,6881888,488,114688,26888,0,8,124928,136,85,51,96,0,9,1.0,0.004083831689838718,0.18252405026957608,0.1832728689063657,-0.00408581281701988,0.00408581281701988,0.14340672210881664,0.14399477937679464,-0.004083879085916164,0.004083879085916164,47,72,-0.3472222222222222,0.3472222222222222,47,117,-0.5982905982905983,0.5982905982905983,47,117,-0.5982905982905983,0.5982905982905983,128,120,0.06666666666666667,0.06666666666666667,9,9,0.0,0.0,9,112,-0.9196428571428571,0.9196428571428571
8,W_v28_gofeed_base,business_base,12.15056016,15245992.23,29,982,15,6545602,3411,25599,25573,8931,3406,2011136,396480,328584,67896,1702,0,8987,1.0,0.10914467565940744,3.0787088297583574,2.775756901925753,0.1091420965655975,0.1091420965655975,2.4536308501494593,2.2121833259976738,0.10914444626459471,0.10914444626459471,99244,99304,-0.0006042052686699428,0.0006042052686699428,67892,68108,-0.0031714336054501674,0.0031714336054501674,67892,68108,-0.0031714336054501674,0.0031714336054501674,12153,12142,0.0009059463020919124,0.0009059463020919124,55546,54512,0.018968300557675375,0.018968300557675375,55546,66423,-0.16375351911235567,0.16375351911235567
8,W_v28_gofeed_heldout,heldout,12.20401101,15666534.9,4,1043,15,6411005,3620,22695,25047,7120,3610,2136064,338083,260652,77431,1339,0,7677,1.0,0.06703174229351719,3.419903714055213,3.205069931365162,0.06702935888782469,0.06702935888782469,2.6640570394189367,2.49669945066755,0.0670315318516371,0.0670315318516371,94092,94154,-0.0006584956560528496,0.0006584956560528496,77091,77367,-0.003567412462677886,0.003567412462677886,77091,77367,-0.003567412462677886,0.003567412462677886,11076,11070,0.0005420054200542005,0.0005420054200542005,70744,69146,0.02311051976976253,0.02311051976976253,70744,76798,-0.07883017786921534,0.07883017786921534
8,W_v28_int_alu_dense,mechanism,28.59517976,33862794.09,53,331,0,7373064,2648,22416,28808,0,8,677888,40,5,35,32,0,9,1.0,0.0012035590108697542,0.8686262152014864,0.8696748041648812,-0.0012057253566195858,0.0012057253566195858,0.733504822418468,0.734388717492869,-0.0012035793216139535,0.0012035793216139535,31,85,-0.6352941176470588,0.6352941176470588,31,147,-0.7891156462585034,0.7891156462585034,31,147,-0.7891156462585034,0.7891156462585034,112,128,-0.125,0.125,7,7,0.0,0.0,7,139,-0.9496402877697842,0.9496402877697842
8,W_v28_int_div_serial,mechanism,5.927876272,27961406.43,34,434,0,7419965,3464,17931,28988,1344,1298,888832,131120,131077,43,317,0,9,1.0,0.16102962811836588,4.5047684495323725,3.8799320566838476,0.16104312748779642,0.16104312748779642,0.9550202730066786,0.822562868479763,0.1610301286413761,0.1610301286413761,38,57,-0.3333333333333333,0.3333333333333333,38,115,-0.6695652173913044,0.6695652173913044,38,115,-0.6695652173913044,0.6695652173913044,98826,98826,0.0,0.0,15,15,0.0,0.0,15,98,-0.8469387755102041,0.8469387755102041
8,W_v28_marine_base,business_base,11.05429267,13772299.79,31,957,6,7014825,3879,26754,27407,10060,3859,1959936,566256,468606,97650,2345,0,8469,1.0,0.022439151832972976,2.7795012705075477,2.843309110897787,-0.022441401163762933,0.022441401163762933,2.2309578642375256,2.2821684323909452,-0.022439434104242765,0.022439434104242765,113348,113385,-0.0003263218238744102,0.0003263218238744102,97476,97738,-0.0026806359860033968,0.0026806359860033968,97476,97738,-0.0026806359860033968,0.0026806359860033968,8623,8619,0.00046409096182851837,0.00046409096182851837,89826,89769,0.0006349630718845036,0.0006349630718845036,89826,97026,-0.07420691361078474,0.07420691361078474
8,W_v28_marine_heldout,heldout,12.10354802,15444630.56,20,888,3,6561758,3940,21611,25635,6419,3899,1818624,345727,247383,98344,1344,0,6414,1.0,0.05045363809554286,2.827728811133436,2.691917475123991,0.05045152285108202,0.05045152285108202,2.2160161956597606,2.1095801811909434,0.05045364732651678,0.05045364732651678,103079,103113,-0.0003297353389000417,0.0003297353389000417,98171,98399,-0.002317096718462586,0.002317096718462586,98171,98399,-0.002317096718462586,0.002317096718462586,15474,15471,0.00019391118867558658,0.00019391118867558658,94078,88796,0.059484661471237446,0.059484661471237446,94078,97956,-0.03958920331577443,0.03958920331577443
8,W_v28_memory_random_mlp,mechanism,8.206761917,9458757.975,0,964,168,4456872,1854,38464,17416,5435,1850,1974272,589976,395574,194402,5168,0,196726,1.0,0.045025917880211076,3.9808755958193345,3.8094245316490527,0.04500707724903077,0.04500707724903077,3.453952233763949,3.30518265861118,0.04501099954798906,0.04501099954798906,274830,274884,-0.00019644650106954206,0.00019644650106954206,194402,194651,-0.0012792125393653257,0.0012792125393653257,194402,194650,-0.001274081685075777,0.001274081685075777,112,122,-0.08196721311475409,0.08196721311475409,182103,182085,9.885493038965319e-05,9.885493038965319e-05,182103,182232,-0.0007078888449888054,0.0007078888449888054
8,W_v28_memory_seq_moderate,mechanism,12.28671785,14161052.12,28,1188,245,4456808,1860,37128,17416,1015,1850,2433024,262280,77,262203,2280,0,117,1.0,0.34153212967818897,4.977413760644152,7.585248284173016,-0.34380344925165274,0.34380344925165274,4.318611212329541,6.581252214284641,-0.3438009862384587,0.3438009862384587,262203,262237,-0.00012965371019345095,0.00012965371019345095,262203,262432,-0.0008726069991464455,0.0008726069991464455,262203,262432,-0.0008726069991464455,0.0008726069991464455,112,120,-0.06666666666666667,0.06666666666666667,262160,262160,0.0,0.0,262160,262289,-0.0004918239041667779,0.0004918239041667779
8,W_v28_mysql_base,business_base,12.31166655,15567266.64,8,1593,21,7643587,5458,17181,29864,3293,5402,3262464,401984,302415,99569,1095,0,178316,1.0,0.05724234005578189,4.315518996869352,4.081870896161736,0.05724044357388178,0.05724044357388178,3.4130096249313313,3.228218873844856,0.057242324113664186,0.057242324113664186,123379,123433,-0.0004374843032252315,0.0004374843032252315,99538,99790,-0.002525303136586832,0.002525303136586832,99538,99790,-0.002525303136586832,0.002525303136586832,5414,5406,0.0014798372179060304,0.0014798372179060304,91658,90334,0.01465671840060221,0.01465671840060221,91658,99056,-0.07468502665159102,0.07468502665159102
8,W_v28_mysql_heldout,heldout,12.03050492,15808250.68,16,1544,33,7521091,5087,17320,29383,4740,5061,3162112,400653,298154,102499,1093,0,74208,1.0,0.05297338752115817,4.417712120002383,4.1954711404926215,0.052971638242199075,0.052971638242199075,3.361998013320142,3.1928614545135443,0.05297334733002595,0.05297334733002595,115625,115666,-0.00035446890183805094,0.00035446890183805094,102189,102456,-0.0026059967205434528,0.0026059967205434528,102189,102456,-0.0026059967205434528,0.0026059967205434528,11151,11144,0.000628140703517588,0.000628140703517588,97857,95669,0.022870522321755217,0.022870522321755217,97857,101990,-0.04052358074321012,0.04052358074321012
8,W_v28_pytorch_base,business_base,9.256848373,13810904.92,28,200,0,6363952,1595,43624,24864,3221,1588,409600,428848,331504,97344,3168,0,40640,1.0,0.5966806256320576,0.7651014657201535,1.8970167211033246,-0.5966817491860786,0.5966817491860786,0.5128142072724622,1.2714862866929153,-0.596681291304941,0.596681291304941,98360,98419,-0.0005994777431187067,0.0005994777431187067,97341,97544,-0.0020811121135077505,0.0020811121135077505,97341,97543,-0.0020708815599274166,0.0020708815599274166,744,764,-0.02617801047120419,0.02617801047120419,88260,88255,5.665401393688743e-05,5.665401393688743e-05,88260,96681,-0.08710087814565426,0.08710087814565426
8,W_v28_pytorch_heldout,heldout,10.30139207,16038627.76,14,210,0,6065008,1670,32770,23695,2367,1665,430080,341216,255481,85735,2032,0,1207,1.0,0.5634437551283858,0.8777650051136293,2.0106602490052623,-0.5634443931798584,0.5634443931798584,0.5637765028504497,1.291418530773907,-0.563444004080849,0.563444004080849,86113,86173,-0.0006962737748482704,0.0006962737748482704,85732,85931,-0.0023158115231988454,0.0023158115231988454,85732,85930,-0.002304201093913651,0.002304201093913651,6736,6744,-0.0011862396204033216,0.0011862396204033216,81567,81560,8.582638548307995e-05,8.582638548307995e-05,81567,85663,-0.0478152761402239,0.0478152761402239
8,W_v28_redis_base,business_base,12.96237003,16398626.56,3,705,4,6885840,3126,30776,26904,7650,3115,1443840,362184,289304,72880,1792,0,838,1.0,0.06759247882663975,2.1200739893704585,2.273768081114509,-0.06759444510660724,0.06759444510660724,1.6758222671453302,1.7973069272536923,-0.06759260661950055,0.06759260661950055,98793,98856,-0.0006372906045156591,0.0006372906045156591,72796,73010,-0.002931105328037255,0.002931105328037255,72796,73010,-0.002931105328037255,0.002931105328037255,744,744,0.0,0.0,65420,65414,9.172348426942244e-05,9.172348426942244e-05,65420,72401,-0.09642132014751177,0.09642132014751177
8,W_v28_redis_heldout,heldout,13.62923937,17442536.28,36,1047,14,7053518,3747,25635,27556,7883,3736,2144256,313334,239806,73528,1328,0,536,1.0,0.08508771506600626,3.1089089778886736,3.398046303893204,-0.08508928370789424,0.08508928370789424,2.4292375804527615,2.6551585885552655,-0.08508757596488163,0.08508757596488163,86514,86583,-0.0007969231835348741,0.0007969231835348741,73443,73673,-0.003121903546753899,0.003121903546753899,73443,73672,-0.0031083722445433815,0.0031083722445433815,4772,4782,-0.002091175240485153,0.002091175240485153,70102,70102,0.0,0.0,70102,73452,-0.04560801611937047,0.04560801611937047
8,W_v28_simd_sse_dense,mechanism,13.51986405,27039938.13,60,101,0,7209656,808,72108,28168,0,8,206848,160,109,51,120,0,9,1.0,0.16813920468401472,0.45547852862849536,0.5475412419122355,-0.16813840901229635,0.16813840901229635,0.22773749538119434,0.2737687603029528,-0.1681392167273585,0.1681392167273585,47,77,-0.38961038961038963,0.38961038961038963,47,121,-0.6115702479338843,0.6115702479338843,47,121,-0.6115702479338843,0.6115702479338843,128,128,0.0,0.0,9,9,0.0,0.0,9,116,-0.9224137931034483,0.9224137931034483
16,W_v28_bvc_encoder_base,business_base,7.676144984,9828103.562,2,638,3,14128422,6815,61130,55200,16495,6784,1306624,1020464,913413,107051,4772,0,4620940,1.0,0.04545794427461942,1.8876727739446248,1.8055974452753516,0.045456050507845534,0.045456050507845534,1.4743485153543687,1.4102415630447533,0.04545813567656209,0.04545813567656209,108134,108307,-0.0015973113464503679,0.0015973113464503679,107042,107572,-0.00492693265905626,0.00492693265905626,107042,107572,-0.00492693265905626,0.00492693265905626,3603,3570,0.009243697478991597,0.009243697478991597,87243,87232,0.00012610051357300073,0.00012610051357300073,87243,104426,-0.16454714343171242,0.16454714343171242
16,W_v28_bvc_encoder_heldout,heldout,7.358216424,9559348.644,5,590,2,13229283,6231,52764,51684,17264,6205,1208320,943987,848669,95318,4081,0,3958250,1.0,0.0534088961583912,1.8904080706950812,1.7945661926788439,0.05340671099636013,0.05340671099636013,1.4551233804583363,1.381347194594338,0.053408865021559046,0.053408865021559046,95749,95881,-0.0013767065424849553,0.0013767065424849553,95309,95781,-0.004927908457836105,0.004927908457836105,95309,95781,-0.004927908457836105,0.004927908457836105,21664,21593,0.0032881026258509702,0.0032881026258509702,85441,85433,9.364063066964756e-05,9.364063066964756e-05,85441,94643,-0.09722853248523398,0.09722853248523398
16,W_v28_cache_L1_mixed,mechanism,9.379611801,11893235.35,0,295,14,13644464,4175,53296,53312,764,885,604160,270528,266266,4262,1168,0,365,1.0,0.08428626941520931,0.8826617549755035,0.8140456360970115,0.08429026068793374,0.08429026068793374,0.6961120642042077,0.6419965335658459,0.08429255892985521,0.08429255892985521,4188,4226,-0.008991954566966399,0.008991954566966399,4188,4361,-0.03966980050447145,0.03966980050447145,4188,4360,-0.03944954128440367,0.03944954128440367,4560,4672,-0.023972602739726026,0.023972602739726026,4125,4125,0.0,0.0,4125,4328,-0.046903881700554526,0.046903881700554526
16,W_v28_cache_L2_mixed,mechanism,8.524624117,10809121.22,0,535,16,13644464,5495,50752,53312,811,5477,1095680,270528,237146,33382,1168,0,365,1.0,0.20219879233062316,1.5905583455382168,1.3230443332174806,0.20219580372652757,0.20219580372652757,1.2543954090098373,1.0434180075603707,0.2021983518788942,0.2021983518788942,262262,262305,-0.0001639313013476678,0.0001639313013476678,32861,33049,-0.005688523102060577,0.005688523102060577,32861,33048,-0.00565843621399177,0.00565843621399177,4560,4672,-0.023972602739726026,0.023972602739726026,32797,32797,0.0,0.0,32797,33007,-0.006362286787651104,0.006362286787651104
16,W_v28_coh_readmostly_sparse,mechanism,9.093125476,11795290.52,8,236,0,12587696,3763,54238,49184,3691,3747,483328,266432,233546,32886,1248,0,999,1.0,0.07243350516915092,0.7925773907666942,0.8544714274231611,-0.07243546673423756,0.07243546673423756,0.6110070500590418,0.6587204548276542,-0.0724334646342446,0.0724334646342446,262278,262317,-0.00014867507633893343,0.00014867507633893343,32877,33044,-0.005053867570512045,0.005053867570512045,32877,33044,-0.005053867570512045,0.005053867570512045,4560,4651,-0.019565684798967965,0.019565684798967965,2093,2093,0.0,0.0,2093,20284,-0.8968152238217314,0.8968152238217314
16,W_v28_flink_base,business_base,7.612884693,9600901.033,15,955,6,13898436,8368,44689,54299,10324,8265,1955840,884002,706552,177450,3189,0,1941,1.0,0.08075126630979017,2.833545754712016,2.6218352018327846,0.0807489931980606,0.0807489931980606,2.246815900724369,2.0789389332304737,0.08075127403238848,0.08075127403238848,210455,210429,0.00012355711427607411,0.00012355711427607411,161497,161956,-0.0028341030897280745,0.0028341030897280745,161497,161956,-0.0028341030897280745,0.0028341030897280745,7104,7086,0.002540220152413209,0.002540220152413209,126715,126705,7.892348368256975e-05,7.892348368256975e-05,126715,155245,-0.183774034590486,0.183774034590486
16,W_v28_flink_heldout,heldout,7.21237682,9471497.318,5,980,8,12854002,6837,48457,50218,10381,6823,2007040,773521,588080,185441,3251,0,1740,1.0,0.08759095688532914,3.270273763206606,3.006902322950783,0.08758895766104124,0.08758895766104124,2.49025533059665,2.2896979930227745,0.08759117498684052,0.08759117498684052,192315,192371,-0.00029110416850772723,0.00029110416850772723,158717,159201,-0.003040181908405098,0.003040181908405098,158717,159201,-0.003040181908405098,0.003040181908405098,20170,20154,0.0007938870695643545,0.0007938870695643545,141752,141750,1.4109347442680776e-05,1.4109347442680776e-05,141752,157028,-0.09728201339888427,0.09728201339888427
16,W_v28_fp_alu_dense,mechanism,9.219337259,11734113.66,11,61,0,13763776,976,229376,53776,0,16,124928,272,170,102,192,0,37,1.0,0.004306534604011974,0.18253218785694417,0.183322088729541,-0.004308814491865166,0.004308814491865166,0.14341311570313262,0.1440334306871732,-0.004306743101800072,0.004306743101800072,94,151,-0.37748344370860926,0.37748344370860926,94,240,-0.6083333333333333,0.6083333333333333,94,240,-0.6083333333333333,0.6083333333333333,256,240,0.06666666666666667,0.06666666666666667,14,14,0.0,0.0,14,230,-0.9391304347826087,0.9391304347826087
16,W_v28_gofeed_base,business_base,7.837165946,9833765.094,11,894,6,13091246,6787,50918,51149,17682,6778,1830912,792960,657146,135814,3388,0,17660,1.0,0.14091497372221215,2.8033198431478397,2.4570855846133024,0.14091257573717272,0.14091257573717272,2.2341476128399083,1.9582066052617488,0.14091516535420687,0.14091516535420687,198494,198623,-0.0006494716120489571,0.0006494716120489571,135805,136273,-0.003434282653203496,0.003434282653203496,135805,136273,-0.003434282653203496,0.003434282653203496,24371,24353,0.0007391286494477067,0.0007391286494477067,90131,88567,0.017658947463502207,0.017658947463502207,90131,123717,-0.27147441337892125,0.27147441337892125
16,W_v28_gofeed_heldout,heldout,7.878716821,10113934.53,3,1013,4,12821962,7324,45278,50094,14585,7315,2074624,676168,521320,154848,2670,0,15135,1.0,0.08093446435334391,3.319856211191939,3.0712904672657664,0.08093202078260604,0.08093202078260604,2.586155457331725,2.3925184605571004,0.08093437938595308,0.08093437938595308,188178,188305,-0.0006744377472717134,0.0006744377472717134,154167,154734,-0.0036643530187289155,0.0036643530187289155,154167,154734,-0.0036643530187289155,0.0036643530187289155,22069,22068,4.5314482508609755e-05,4.5314482508609755e-05,129247,126368,0.022782666497847555,0.022782666497847555,129247,150467,-0.14102760073637408,0.14102760073637408
16,W_v28_int_alu_dense,mechanism,11.05842775,13095537.95,9,331,0,14746128,5296,44832,57616,0,16,677888,80,10,70,64,0,37,1.0,0.0012529780263768632,0.8686312745256763,0.8697230298363774,-0.0012552907917207183,0.0012552907917207183,0.7335090947264258,0.7344293284935889,-0.0012529915833435245,0.0012529915833435245,62,168,-0.6309523809523809,0.6309523809523809,62,295,-0.7898305084745763,0.7898305084745763,62,295,-0.7898305084745763,0.7898305084745763,224,256,-0.125,0.125,12,12,0.0,0.0,12,281,-0.9572953736654805,0.9572953736654805
16,W_v28_int_div_serial,mechanism,2.608731611,12307455.99,14,434,0,14842630,6926,35175,57986,2708,2607,888832,262240,262154,86,625,0,33,1.0,0.16075088556629988,4.503981760251436,3.880183309409959,0.1607652013060008,0.1607652013060008,0.9546797973135489,0.8224671531223862,0.1607512758281412,0.1607512758281412,76,117,-0.3504273504273504,0.3504273504273504,76,233,-0.6738197424892703,0.6738197424892703,76,233,-0.6738197424892703,0.6738197424892703,197395,197395,0.0,0.0,28,28,0.0,0.0,28,183,-0.8469945355191257,0.8469945355191257
16,W_v28_marine_base,business_base,7.321070019,9121148.5,4,998,7,14029620,7866,53440,54815,20891,7805,2043904,1132512,937230,195282,4658,0,17288,1.0,0.007144865965760791,2.898714519089333,2.878157028956112,0.007142588095923625,0.007142588095923625,2.326646908469367,2.3101415031299615,0.007144759451766382,0.007144759451766382,226683,226771,-0.0003880566739133311,0.0003880566739133311,194933,195498,-0.002890055141229066,0.002890055141229066,194933,195498,-0.002890055141229066,0.002890055141229066,17209,17200,0.0005232558139534884,0.0005232558139534884,165147,164972,0.0010607860727881095,0.0010607860727881095,165147,190660,-0.1338141193748033,0.1338141193748033
16,W_v28_marine_heldout,heldout,7.592054042,9687718.72,7,945,3,13124882,7891,42858,51276,13021,7839,1935360,691657,494975,196682,2654,0,13352,1.0,0.08621908052023784,3.001931519576141,2.763658418875679,0.08621655233261324,0.08621655233261324,2.352548312434352,2.1658141832826194,0.08621890584754992,0.08621890584754992,206165,206271,-0.0005138870708921758,0.0005138870708921758,196341,196876,-0.0027174465145573864,0.0027174465145573864,196341,196876,-0.0027174465145573864,0.0027174465145573864,30500,30497,9.837033150801719e-05,9.837033150801719e-05,180370,170695,0.05668004335217786,0.05668004335217786,180370,194663,-0.07342432819796263,0.07342432819796263
16,W_v28_memory_random_mlp,mechanism,5.520612395,6362818.496,0,1199,165,8913744,3642,76928,34832,10513,3640,2455552,1179952,791256,388696,10336,0,395039,1.0,0.20131331607754802,4.978189883277337,4.144006528101818,0.20129875508608822,0.20129875508608822,4.319258327365022,3.5954760956798797,0.2013035860688374,0.2013035860688374,549629,549718,-0.00016190119297530733,0.00016190119297530733,388696,389187,-0.0012616043187465152,0.0012616043187465152,388696,389187,-0.0012616043187465152,0.0012616043187465152,224,245,-0.08571428571428572,0.08571428571428572,364132,364103,7.964779197095327e-05,7.964779197095327e-05,364132,364373,-0.0006614101483918951,0.0006614101483918951
16,W_v28_memory_seq_moderate,mechanism,8.090927515,9325195.525,0,1491,196,8913616,3717,74256,34832,2185,3698,3053568,524560,154,524406,4560,0,388,1.0,0.23793684320330075,6.108505313800779,8.170041469460882,-0.25232872603719325,0.25232872603719325,5.299993291162644,7.0886393011403435,-0.2523257192237108,0.2523257192237108,524406,524478,-0.00013727935204145837,0.00013727935204145837,524406,524889,-0.0009201945554202889,0.0009201945554202889,524406,524889,-0.0009201945554202889,0.0009201945554202889,224,240,-0.06666666666666667,0.06666666666666667,524317,524317,0.0,0.0,524317,524563,-0.0004689617834273481,0.0004689617834273481
16,W_v28_mysql_base,business_base,7.956043303,10059901.59,5,1552,5,15287031,11124,34542,59726,6270,11006,3178496,803968,604864,199104,2194,0,347150,1.0,0.06251928689337331,4.201817914580198,3.9545878447158316,0.06251727855652989,0.06251727855652989,3.323078758720382,3.1275467164026014,0.06251930348227933,0.06251930348227933,246758,246879,-0.0004901186411156882,0.0004901186411156882,199041,199572,-0.0026606938849137152,0.0026606938849137152,199041,199572,-0.0026606938849137152,0.0026606938849137152,10863,10848,0.0013827433628318584,0.0013827433628318584,167846,165216,0.015918555103621924,0.015918555103621924,167846,194533,-0.13718495062534378,0.13718495062534378
16,W_v28_mysql_heldout,heldout,7.52845764,9892655.643,4,1548,4,15042222,10288,34593,58766,9436,10243,3170304,801402,596433,204969,2187,0,147610,1.0,0.05340287929278051,4.428322300507174,4.203833547035164,0.053400961517692636,0.053400961517692636,3.3700189373617806,3.1991741038470978,0.05340279333632923,0.05340279333632923,231256,231360,-0.0004495159059474412,0.0004495159059474412,204347,204957,-0.0029762340393350802,0.0029762340393350802,204347,204957,-0.0029762340393350802,0.0029762340393350802,22274,22259,0.0006738847207870974,0.0006738847207870974,187387,182943,0.02429171927868243,0.02429171927868243,187387,202620,-0.07518014016385352,0.07518014016385352
16,W_v28_pytorch_base,business_base,6.146584727,9170496.677,1,292,34,12727904,3739,94588,49728,7867,3727,598016,857696,663024,194672,6372,0,100245,1.0,0.43236174551976125,1.116761654022525,1.967385611568136,-0.4323625996571195,0.4323625996571195,0.7485167235705109,1.3186513303062561,-0.43236190919652107,0.43236190919652107,196715,196885,-0.0008634482058054194,0.0008634482058054194,194662,195086,-0.0021734004490327344,0.0021734004490327344,194662,195085,-0.002168285619089115,0.002168285619089115,1488,1532,-0.028720626631853787,0.028720626631853787,159670,159620,0.00031324395439168026,0.00031324395439168026,159670,189357,-0.15677793796902148,0.15677793796902148
16,W_v28_pytorch_heldout,heldout,6.076057581,9460078.394,1,278,0,12129809,4431,63766,47390,6319,4419,569344,682409,510929,171480,4064,0,32865,1.0,0.457739980581938,1.1641664258906967,2.1468825645697134,-0.4577409844846248,0.4577409844846248,0.7477255412677973,1.3789071381709714,-0.45774046665709084,0.45774046665709084,172230,172366,-0.0007890187159880719,0.0007890187159880719,171473,171891,-0.0024317736239826402,0.0024317736239826402,171473,171891,-0.0024317736239826402,0.0024317736239826402,13442,13448,-0.000446162998215348,0.000446162998215348,154841,154808,0.00021316727817683842,0.00021316727817683842,154841,170085,-0.08962577534762031,0.08962577534762031
16,W_v28_redis_base,business_base,8.06150804,10198571.68,4,726,4,13771680,6387,61552,53808,15382,6364,1486848,724368,578573,145795,3584,0,2459,1.0,0.04880303859542593,2.178052906662277,2.2898070981048226,-0.04880506813654303,0.04880506813654303,1.7216519698395547,1.809984762323838,-0.048803058635075454,0.048803058635075454,197611,197758,-0.0007433327602423163,0.0007433327602423163,145626,146100,-0.00324435318275154,0.00324435318275154,145626,146100,-0.00324435318275154,0.00324435318275154,1488,1488,0.0,0.0,117188,117172,0.00013655139453111665,0.00013655139453111665,117188,141049,-0.1691681614190813,0.1691681614190813
16,W_v28_redis_heldout,heldout,8.109428411,10378348.56,7,1047,5,14106982,7529,51780,55114,15414,7508,2144256,626662,479604,147058,2680,0,1712,1.0,0.0938627236083757,3.105197758195525,3.426858161405923,-0.09386452197905726,0.09386452197905726,2.426337752468955,2.6776712300703895,-0.09386270979758321,0.09386270979758321,173020,173162,-0.0008200413485637727,0.0008200413485637727,146890,147379,-0.0033179761024297897,0.0033179761024297897,146890,147379,-0.0033179761024297897,0.0033179761024297897,9577,9598,-0.002187955824130027,0.002187955824130027,133465,133465,0.0,0.0,133465,145788,-0.08452684720278761,0.08452684720278761
16,W_v28_simd_sse_dense,mechanism,6.178772217,12357640.42,8,101,0,14419312,1616,144202,56336,0,16,206848,320,218,102,240,0,37,1.0,0.16822216040042678,0.4554923990235242,0.5476125087729519,-0.16822133949394869,0.16822133949394869,0.22774443052484059,0.27380441248075427,-0.1682222048161888,0.1682222048161888,94,159,-0.4088050314465409,0.4088050314465409,94,248,-0.6209677419354839,0.6209677419354839,94,248,-0.6209677419354839,0.6209677419354839,256,256,0.0,0.0,14,14,0.0,0.0,14,238,-0.9411764705882353,0.9411764705882353
32,W_v28_bvc_encoder_base,business_base,4.605709024,5896888.846,0,650,5,28256824,13603,121993,110400,33705,13545,1331200,2040928,1826826,214102,9515,0,9123331,1.0,0.09567664118720497,1.9257331899574277,1.757578167280536,0.09567427828093387,0.09567427828093387,1.5040756172739016,1.3727369047594191,0.09567653645729035,0.09567653645729035,216234,216625,-0.0018049624927870744,0.0018049624927870744,214085,215213,-0.0052413190652981,0.0052413190652981,214085,215213,-0.0052413190652981,0.0052413190652981,7235,7169,0.00920630492397824,0.00920630492397824,144434,144398,0.00024931093228438065,0.00024931093228438065,144434,195526,-0.2613054018391416,0.2613054018391416
32,W_v28_bvc_encoder_heldout,heldout,4.339023471,5637015.274,0,633,4,26458432,12658,106279,103369,34820,12603,1296384,1887932,1697288,190644,8210,0,8001484,1.0,0.11122683324928895,2.0275531529082658,1.8246116674419717,0.11122448085121009,0.11122448085121009,1.5606842083461332,1.4044695176991084,0.11122682883352686,0.11122682883352686,191491,191794,-0.001579820015224668,0.001579820015224668,190627,191562,-0.004880926279742329,0.004880926279742329,190627,191561,-0.0048757314902302664,0.0048757314902302664,43150,43008,0.0033017113095238095,0.0033017113095238095,154511,154472,0.0002524729400797556,0.0002524729400797556,154511,184355,-0.16188332293672533,0.16188332293672533
32,W_v28_cache_L1_mixed,mechanism,5.321379272,6747445.143,0,310,28,27288928,8333,106592,106624,532,751,634880,541056,532532,8524,2336,0,1514,1.0,0.1347686839424237,0.9254416061378793,0.8155354322762045,0.1347656637737009,0.1347656637737009,0.7298504360449777,0.6431714148611105,0.13476814917619598,0.13476814917619598,8380,8452,-0.008518693800283956,0.008518693800283956,8380,8707,-0.037555989433788906,0.037555989433788906,8380,8707,-0.037555989433788906,0.037555989433788906,9120,9344,-0.023972602739726026,0.023972602739726026,8247,8247,0.0,0.0,8247,8656,-0.047250462107208874,0.047250462107208874
32,W_v28_cache_L2_mixed,mechanism,5.140767065,6518431.029,0,597,38,27288928,10948,101504,106624,1586,10909,1222656,541056,474292,66764,2336,0,1514,1.0,0.16695879022837865,1.7914918797255202,1.5351841994382935,0.1669556528662858,0.1669556528662858,1.4128618390579506,1.2107218822722368,0.16695820877239392,0.16695820877239392,524524,524619,-0.00018108379605008586,0.00018108379605008586,65723,66136,-0.006244707874682473,0.006244707874682473,65723,66135,-0.006229681711650412,0.006229681711650412,9120,9344,-0.023972602739726026,0.023972602739726026,65591,65591,0.0,0.0,65591,65996,-0.006136735559730893,0.006136735559730893
32,W_v28_coh_readmostly_sparse,mechanism,5.288193644,6859663.435,8,236,0,25175392,7520,108398,98368,7385,7488,483328,532864,467092,65772,2496,0,2243,1.0,0.07165927260233203,0.7928114694971146,0.8540109286193761,-0.07166121307276328,0.07166121307276328,0.6111875040515754,0.6583654043880329,-0.07165914250963804,0.07165914250963804,524556,524644,-0.00016773278642279337,0.00016773278642279337,65756,66122,-0.0055352227700311545,0.0055352227700311545,65756,66122,-0.0055352227700311545,0.0055352227700311545,9120,9273,-0.01649951472015529,0.01649951472015529,2135,2135,0.0,0.0,2135,40164,-0.9468429439298874,0.9468429439298874
32,W_v28_flink_base,business_base,4.630418408,5839593.959,0,965,13,27796952,16398,89344,108598,20139,16239,1976320,1768012,1413088,354924,6382,0,6354,1.0,0.1406043020120301,2.8666476325945585,2.5132772114167494,0.14060145039814848,0.14060145039814848,2.2730652267198215,1.9928611075465994,0.14060393778178543,0.14060393778178543,421126,420985,0.00033492879793816884,0.00033492879793816884,323022,324002,-0.0030246726872056344,0.0030246726872056344,323022,324002,-0.0030246726872056344,0.0030246726872056344,14141,14103,0.002694462171169255,0.002694462171169255,204849,204822,0.0001318217769575534,0.0001318217769575534,204849,284034,-0.27878704662117915,0.27878704662117915
32,W_v28_flink_heldout,heldout,4.130403724,5424206.519,0,1065,18,25707103,13707,96657,100434,20711,13676,2181120,1546931,1175857,371074,6485,0,5776,1.0,0.15375633379207662,3.5526726093460934,3.07922865092019,0.15375407678296987,0.15375407678296987,2.7052753474399664,2.3447541400659424,0.15375650743658992,0.15375650743658992,384780,384858,-0.00020267215440500133,0.00020267215440500133,317491,318499,-0.003164845101554479,0.003164845101554479,317491,318499,-0.003164845101554479,0.003164845101554479,40337,40310,0.0006698089804018854,0.0006698089804018854,256175,256166,3.5133468141751835e-05,3.5133468141751835e-05,256175,305159,-0.1605195979800694,0.1605195979800694
32,W_v28_fp_alu_dense,mechanism,5.395706337,6867503.561,16,61,0,27527552,1952,458752,107552,0,32,124928,544,340,204,384,0,149,1.0,0.0046923749288162175,0.18254897163089087,0.18341022692826886,-0.004695786662511588,0.004695786662511588,0.14342630249140934,0.14410266956250614,-0.004693647058380305,0.004693647058380305,188,309,-0.39158576051779936,0.39158576051779936,188,483,-0.6107660455486542,0.6107660455486542,188,483,-0.6107660455486542,0.6107660455486542,512,480,0.06666666666666667,0.06666666666666667,24,24,0.0,0.0,24,453,-0.9470198675496688,0.9470198675496688
32,W_v28_gofeed_base,business_base,4.771520092,5987181.455,0,791,10,26182786,13185,102182,102297,34648,13156,1619968,1585920,1314172,271748,6796,0,35528,1.0,0.2254432251612936,2.477991834578326,2.0221247759343473,0.22543962868628603,0.22543962868628603,1.9748504227166659,1.6115406624671738,0.2254425027620999,0.2254425027620999,396987,397257,-0.000679660773756032,0.000679660773756032,271734,272654,-0.003374239879114189,0.003374239879114189,271734,272654,-0.003374239879114189,0.003374239879114189,48822,48788,0.0006968926785275068,0.0006968926785275068,128685,126271,0.019117612119964204,0.019117612119964204,128685,204526,-0.3708134907053382,0.3708134907053382
32,W_v28_gofeed_heldout,heldout,4.535510389,5822359.468,0,979,8,25644986,14540,91189,100191,28704,14502,2004992,1352402,1042843,309559,5373,0,31544,1.0,0.14075534199692827,3.205028640479512,2.809574655853349,0.14075226077452366,0.14075226077452366,2.4966580601759736,2.1886017825633903,0.14075483263646696,0.14075483263646696,376314,376581,-0.0007090108104232556,0.0007090108104232556,308196,309326,-0.0036531038451342594,0.0036531038451342594,308196,309325,-0.003649882809342924,0.003649882809342924,44296,44289,0.000158052789631737,0.000158052789631737,220423,215913,0.02088804286911858,0.02088804286911858,220423,282469,-0.21965596224718464,0.21965596224718464
32,W_v28_int_alu_dense,mechanism,6.047598077,7161646.479,5,331,0,29492256,10592,89664,115232,0,32,677888,160,20,140,128,0,149,1.0,0.0013659769343960062,0.8686487412401416,0.869839013105833,-0.0013683817899147368,0.0013683817899147368,0.7335238443610418,0.734527213096033,-0.0013660062106643854,0.0013660062106643854,124,336,-0.6309523809523809,0.6309523809523809,124,592,-0.7905405405405406,0.7905405405405406,124,592,-0.7905405405405406,0.7905405405405406,448,512,-0.125,0.125,22,22,0.0,0.0,22,566,-0.9611307420494699,0.9611307420494699
32,W_v28_int_div_serial,mechanism,1.473846773,6953033.597,2,434,0,29684105,13859,70150,115970,5375,5172,888832,524480,524308,172,1241,0,127,1.0,0.16078073081055377,4.5052274310764835,3.881154729037766,0.1607956254280644,0.1607956254280644,0.954980990668238,0.8227053998403602,0.16078123572975814,0.16078123572975814,153,254,-0.39763779527559057,0.39763779527559057,153,488,-0.6864754098360656,0.6864754098360656,153,488,-0.6864754098360656,0.6864754098360656,395268,395268,0.0,0.0,54,54,0.0,0.0,54,394,-0.8629441624365483,0.8629441624365483
32,W_v28_marine_base,business_base,4.466563988,5564709.17,0,1060,15,28058571,15588,106153,109624,40793,15489,2170880,2265024,1874334,390690,9233,0,36766,1.0,0.08070786582220744,3.079911186949872,2.849908148132887,0.0807054216704041,0.0807054216704041,2.4721184838671935,2.28749937452751,0.0807078294296003,0.0807078294296003,453413,453619,-0.0004541255987954649,0.0004541255987954649,389984,391157,-0.002998795879915226,0.002998795879915226,389984,391157,-0.002998795879915226,0.002998795879915226,34683,34667,0.00046153402371131047,0.00046153402371131047,283917,283361,0.0019621613418924974,0.0019621613418924974,283917,362263,-0.2162682912690504,0.2162682912690504
32,W_v28_marine_heldout,heldout,4.394659903,5607688.137,1,1045,7,26248048,16083,87229,102548,25852,15978,2140160,1383134,989712,393422,5384,0,28919,1.0,0.14999032523942746,3.3241079958596407,2.8905595537648416,0.1499877217648462,0.1499877217648462,2.60505287859882,2.265282486290046,0.14999029673567607,0.14999029673567607,412331,412557,-0.0005478030914516054,0.0005478030914516054,392737,393756,-0.0025878970733144383,0.0025878970733144383,392737,393756,-0.0025878970733144383,0.0025878970733144383,60976,60974,3.280086594286089e-05,3.280086594286089e-05,334266,318738,0.04871712817423715,0.04871712817423715,334266,381743,-0.12436901266035003,0.12436901266035003
32,W_v28_memory_random_mlp,mechanism,3.955024919,4558390.249,0,1680,281,17827488,7336,153856,69664,21201,7325,3440640,2359904,1582499,777405,20672,0,793251,1.0,0.4530148013215881,6.885385397357707,4.738724131911895,0.453004058832966,0.453004058832966,5.974010415825269,4.11147205992022,0.4530100968121842,0.4530100968121842,1099199,1099389,-0.00017282326819715313,0.00017282326819715313,777404,778304,-0.0011563604966696817,0.0011563604966696817,777404,778304,-0.0011563604966696817,0.0011563604966696817,448,492,-0.08943089430894309,0.08943089430894309,728522,728474,6.589116426941798e-05,6.589116426941798e-05,728522,728996,-0.0006502093289949465,0.0006502093289949465
32,W_v28_memory_seq_moderate,mechanism,4.931995897,5684370.052,0,1923,206,17827232,7572,148512,69664,4275,7529,3938304,1049120,308,1048812,9120,0,1419,1.0,0.15658573950510785,7.885011024300527,7.98771374442292,-0.012857586464474952,0.012857586464474952,6.841363538658161,6.930443890205492,-0.012853484272951752,0.012853484272951752,1048812,1048963,-0.0001439516932437083,0.0001439516932437083,1048812,1049811,-0.0009515998594032641,0.0009515998594032641,1048812,1049810,-0.0009506482125336966,0.0009506482125336966,448,480,-0.06666666666666667,0.06666666666666667,1048668,1048651,1.6211303856097023e-05,1.6211303856097023e-05,1048668,1049123,-0.0004336955723971355,0.0004336955723971355
32,W_v28_mysql_base,business_base,4.750200046,6006371.234,0,1501,10,30573083,22039,69035,119446,12405,21812,3074048,1607936,1209822,398114,4391,0,678330,1.0,0.10446393595655565,4.059816655213908,3.6758329352977084,0.10446168981972521,0.10446168981972521,3.210747473521071,2.9070643012039916,0.10446386486577046,0.10446386486577046,493486,493772,-0.000579214698281798,0.000579214698281798,397985,399156,-0.0029336900860816324,0.0029336900860816324,397985,399156,-0.0029336900860816324,0.0029336900860816324,21975,21947,0.0012758007928190642,0.0012758007928190642,287738,282804,0.017446712210576937,0.017446712210576937,287738,368959,-0.22013557061895767,0.22013557061895767
32,W_v28_mysql_heldout,heldout,4.584471854,6024133.392,4,1585,8,30086649,20860,69048,117540,19007,20751,3246080,1603025,1193133,409892,4359,0,292648,1.0,0.09656259020025615,4.531633193604377,4.13258840452041,0.09656049672100758,0.09656049672100758,3.448652855956142,3.1449670763315796,0.09656246703186291,0.09656246703186291,462515,462755,-0.0005186329699300926,0.0005186329699300926,408647,409946,-0.003168710025222834,0.003168710025222834,408647,409946,-0.003168710025222834,0.003168710025222834,44268,44242,0.0005876768681343519,0.0005876768681343519,346045,338283,0.022945285456259994,0.022945285456259994,346045,396875,-0.1280755905511811,0.1280755905511811
32,W_v28_pytorch_base,business_base,3.819115897,5697991.844,0,398,82,25455808,7996,182039,99456,16800,7969,815104,1715392,1325983,389409,12672,0,175248,1.0,0.2533828398214386,1.5210088899725236,2.037204452174663,-0.2533842696304311,0.2533842696304311,1.0194660487696954,1.365447747635383,-0.2533833311928942,0.2533833311928942,393460,393856,-0.0010054436139096522,0.0010054436139096522,389389,390287,-0.0023008708975702495,0.0023008708975702495,389389,390287,-0.0023008708975702495,0.0023008708975702495,2976,3046,-0.02298095863427446,0.02298095863427446,266200,266053,0.0005525214900790444,0.0005525214900790444,266200,355394,-0.25097216047541604,0.25097216047541604
32,W_v28_pytorch_heldout,heldout,3.770607109,5870629.144,0,407,61,24259483,9350,148379,94782,13054,9284,833536,1364803,1021879,342924,8298,0,128103,1.0,0.28019969385012233,1.7039592757059174,2.3672686700358145,-0.28020030118502004,0.28020030118502004,1.0944246008870016,1.5204556527904303,-0.28019959090654917,0.28019959090654917,344460,344858,-0.0011540982085380068,0.0011540982085380068,342912,343783,-0.002533574958622154,0.002533574958622154,342912,343783,-0.002533574958622154,0.002533574958622154,26839,26849,-0.0003724533502178852,0.0003724533502178852,280815,280624,0.0006806260334112549,0.0006806260334112549,280815,332117,-0.1544696597885685,0.1544696597885685
32,W_v28_redis_base,business_base,4.615793217,5839415.869,0,742,10,27543360,12761,123104,107616,30579,12702,1519616,1448736,1157150,291586,7168,0,8839,1.0,0.0014391482562219004,2.230047103185335,2.226846898984471,0.001437101132692725,0.001437101132692725,1.762751022387973,1.7602175636083868,0.0014392872971865547,0.0014392872971865547,395251,395573,-0.0008140090451067186,0.0008140090451067186,291249,292245,-0.0034080993686803882,0.0034080993686803882,291249,292245,-0.0034080993686803882,0.0034080993686803882,2976,2976,0.0,0.0,193327,193288,0.00020177144985720788,0.00020177144985720788,193327,260817,-0.2587638075738928,0.2587638075738928
32,W_v28_redis_heldout,heldout,4.748738983,6077377.667,2,1067,10,28212812,15044,103879,110223,30580,14993,2185216,1253196,959070,294126,5380,0,6023,1.0,0.06152595921031658,3.1664275790390857,3.3740239074186302,-0.061527817844767616,0.061527817844767616,2.4741819425869354,2.6363880319266677,-0.0615258783515234,0.0615258783515234,346028,346320,-0.0008431508431508432,0.0008431508431508432,293787,294757,-0.003290846358186574,0.003290846358186574,293787,294756,-0.003287464886210968,0.003287464886210968,19329,19375,-0.0023741935483870967,0.0023741935483870967,244447,244447,0.0,0.0,244447,284583,-0.1410344258089907,0.1410344258089907
32,W_v28_simd_sse_dense,mechanism,3.481810862,6963675.814,17,101,0,28838624,3232,288406,112672,0,32,206848,640,436,204,480,0,149,1.0,0.16843135507171653,0.4555175044385264,0.5477806726584409,-0.16843085713877237,0.16843085713877237,0.22775698313484027,0.273888503355596,-0.16843175107960653,0.16843175107960653,188,327,-0.42507645259938837,0.42507645259938837,188,500,-0.624,0.624,188,499,-0.6232464929859719,0.6232464929859719,512,512,0.0,0.0,24,24,0.0,0.0,24,470,-0.948936170212766,0.948936170212766
