cores,workload,domain,fastsim_mips,fastsim_uops_per_second,frontier_waits,interval_steps,interval_zero_progress_steps,interval_accepted_uops,interval_active_prefixes,max_interval_accepted_uops,epoch_lookahead_chunks,epoch_inflight_memory_uops,epoch_corrected_horizon_violations,epoch_advanced_cycles,batch_memory_events,interval_private_memory_events,interval_escape_memory_events,retired_uops,memory_accesses,uop_conservation_ok,memory_event_conservation_ok,memory_partition_ok,private_preview_epochs,private_preview_events,materialized_escape_events,state_certificate_failures,timing_certificate_failures,timing_reweave_passes,replayed_shared_events,canonical_fallback_epochs,max_batch_memory_events,reordered_memory_event_pairs,same_line_reordered_pairs,branch_outcome_coverage,per_core_uop_cpi_mape,per_core_dtlb_access_mape,per_core_dtlb_miss_mape,per_core_o3_iq_full_mape,macro_cpi_fastsim,macro_cpi_gem5,macro_cpi_signed_error,macro_cpi_absolute_error,uop_cpi_fastsim,uop_cpi_gem5,uop_cpi_signed_error,uop_cpi_absolute_error,l1d_miss_fastsim,l1d_miss_gem5,l1d_miss_signed_error,l1d_miss_absolute_error,private_l2_miss_fastsim,private_l2_miss_gem5,private_l2_miss_signed_error,private_l2_miss_absolute_error,cha_llc_lookup_fastsim,cha_llc_lookup_gem5,cha_llc_lookup_signed_error,cha_llc_lookup_absolute_error,branch_miss_fastsim,branch_miss_gem5,branch_miss_signed_error,branch_miss_absolute_error,dtlb_access_fastsim,dtlb_access_gem5,dtlb_access_signed_error,dtlb_access_absolute_error,dtlb_miss_fastsim,dtlb_miss_gem5,dtlb_miss_signed_error,dtlb_miss_absolute_error,o3_iq_full_fastsim,o3_iq_full_gem5,o3_iq_full_signed_error,o3_iq_full_absolute_error,llc_tag_vs_functional_path_fastsim,llc_tag_vs_functional_path_gem5,llc_tag_vs_functional_path_signed_error,llc_tag_vs_functional_path_absolute_error,llc_tag_vs_ruby_demand_miss_fastsim,llc_tag_vs_ruby_demand_miss_gem5,llc_tag_vs_ruby_demand_miss_signed_error,llc_tag_vs_ruby_demand_miss_absolute_error
4,W_v28_bvc_encoder_base,business_base,7.547640642,9663653.09,6,1265,21,3532186,3509,7456,1728,8429,3506,1295360,255116,228358,26758,3532186,255116,True,True,True,0,0,0,0,0,0,0,0,636,0,122346,1.0,0.051570168662804346,0.00986162266702895,0.0002996200412215416,0.3826184271952948,1.8778515106622293,1.7857627804285172,0.051568288488807124,0.051568288488807124,1.4666656852158975,1.3947390399260293,0.05156996630257285,0.05156996630257285,27031,27067,-0.001330032881368456,0.001330032881368456,26755,26871,-0.004316921588329426,0.004316921588329426,26755,26871,-0.004316921588329426,0.004316921588329426,860,852,0.009389671361502348,0.009389671361502348,255116,257657,-0.009861948249028748,0.009861948249028748,26699,26707,-0.0002995469352604186,0.0002995469352604186,1681765,1216362,0.3826188256456548,0.3826188256456548,25630,25630,0.0,0.0,25630,26829,-0.04469044690446904,0.04469044690446904
4,W_v28_bvc_encoder_heldout,heldout,7.482233271,9720436.898,5,1121,7,3307714,3057,6764,1616,9943,3039,1147904,236042,212224,23818,3307714,236042,True,True,True,0,0,0,0,0,0,0,0,506,0,56145,1.0,0.037803475499435524,0.07544621875824697,0.0001260151605670942,0.420772562023492,1.7996522508255803,1.7340999960724246,0.037801888531010616,0.037801888531010616,1.3852687989348536,1.3348082600329227,0.03780358603765773,0.03780358603765773,23942,23968,-0.0010847797062750334,0.0010847797062750334,23815,23921,-0.004431252874043727,0.004431252874043727,23815,23921,-0.004431252874043727,0.004431252874043727,5365,5351,0.002616333395626986,0.002616333395626986,236042,255305,-0.07545093123910616,0.07545093123910616,23788,23791,-0.000126098104325165,0.000126098104325165,1395097,981936,0.4207616382330417,0.4207616382330417,23247,23247,0.0,0.0,23247,23902,-0.02740356455526734,0.02740356455526734
4,W_v28_cache_L1_mixed,mechanism,11.17537867,14170246.22,6,549,11,3411116,2086,6668,1668,258,1208,562176,67632,66566,1066,3411116,67632,True,True,True,0,0,0,0,0,0,0,0,152,0,24,1.0,0.023006960207909086,0.0017416895869874275,0.13333333333333333,0.6356903389793369,0.8326621266978418,0.8139404176356185,0.02300132621083883,0.02300132621083883,0.6566798080159103,0.6419138252142907,0.023003060880781336,0.023003060880781336,1047,1056,-0.008522727272727272,0.008522727272727272,1047,1088,-0.03768382352941176,0.03768382352941176,1047,1088,-0.03768382352941176,0.03768382352941176,1140,1168,-0.023972602739726026,0.023972602739726026,67632,67750,-0.0017416974169741698,0.0017416974169741698,43,38,0.13157894736842105,0.13157894736842105,465528,1277836,-0.6356903389793369,0.6356903389793369,1034,1034,0.0,0.0,1034,1083,-0.04524469067405355,0.04524469067405355
4,W_v28_cache_L2_mixed,mechanism,10.52434144,13344738.82,29,975,61,3411116,2755,5646,1668,289,2744,998400,67632,59286,8346,3411116,67632,True,True,True,0,0,0,0,0,0,0,0,152,0,26,1.0,0.07493713197035382,0.0017416895869874275,0.033428165007112376,0.1950818098112687,1.4132266242407572,1.3146500324140433,0.07498314334325258,0.07498314334325258,1.114542571991102,1.0367982874918247,0.07498496615706486,0.07498496615706486,65566,65577,-0.00016774173871936807,0.00016774173871936807,8215,8261,-0.005568333131582133,0.005568333131582133,8215,8261,-0.005568333131582133,0.005568333131582133,1140,1168,-0.023972602739726026,0.023972602739726026,67632,67750,-0.0017416974169741698,0.0017416974169741698,155,150,0.03333333333333333,0.03333333333333333,1941702,1624744,0.19508180981126874,0.19508180981126874,8202,8202,0.0,0.0,8202,8254,-0.006299975769323964,0.006299975769323964
4,W_v28_coh_readmostly_sparse,mechanism,10.13476074,13146464.05,6,565,0,3146924,2189,6364,1540,4210,2185,578560,66608,58386,8222,3146924,66608,True,True,True,0,0,0,0,0,0,0,0,164,0,551,1.0,0.11336639800228303,0.0010198554223283184,0.027214714714714715,0.44667001366681114,0.9529398186314921,0.8559100284747149,0.11336447398529774,0.11336447398529774,0.7346322949013068,0.6598297714132277,0.11336639649930692,0.11336639649930692,65570,65578,-0.00012199213150751776,0.00012199213150751776,8219,8257,-0.004602155746639215,0.004602155746639215,8219,8257,-0.004602155746639215,0.004602155746639215,1140,1168,-0.023972602739726026,0.023972602739726026,66608,66676,-0.0010198572199892014,0.0010198572199892014,151,147,0.027210884353741496,0.027210884353741496,1656269,1144884,0.4466697062759197,0.4466697062759197,2062,2062,0.0,0.0,2062,5099,-0.5956069817611296,0.5956069817611296
4,W_v28_flink_base,business_base,7.532615072,9499609.249,3,1893,107,3474694,4243,5670,1700,5120,4203,1938432,221009,176672,44337,3474694,221009,True,True,True,0,0,0,0,0,0,0,0,422,0,15470,1.0,0.08432001255410995,0.03941041451073006,0.00012403750130415755,0.3887467927628617,2.805136936333987,2.587007128977067,0.08431743574018323,0.08431743574018323,2.2243037804192256,2.0513365844392992,0.08431926641975444,0.08431926641975444,52620,52642,-0.000417917252384028,0.000417917252384028,40362,40461,-0.0024468006228219766,0.0024468006228219766,40362,40461,-0.0024468006228219766,0.0024468006228219766,1758,1753,0.002852253280091272,0.002852253280091272,221009,230077,-0.03941289220565289,0.03941289220565289,40320,40315,0.00012402331638348009,0.00012402331638348009,1891341,1361907,0.38874460590921406,0.38874460590921406,38233,38232,2.6156099602427287e-05,2.6156099602427287e-05,38233,40365,-0.05281803542673108,0.05281803542673108
4,W_v28_flink_heldout,heldout,7.231470371,9496522.075,6,1849,154,3213273,3485,6030,1572,5836,3472,1893376,193362,146942,46420,3213273,193362,True,True,True,0,0,0,0,0,0,0,0,422,0,14090,1.0,0.08569869149943433,0.08270705143479201,0.00012309939747673604,0.33722291991608333,3.0910034603490266,2.8470269220945084,0.08569519886205676,0.08569519886205676,2.353756434638451,2.167968134879659,0.08569696978922844,0.08569696978922844,48105,48131,-0.0005401923915979306,0.0005401923915979306,39712,39809,-0.0024366349317993417,0.0024366349317993417,39712,39809,-0.0024366349317993417,0.0024366349317993417,5069,5069,0.0,0.0,193362,210798,-0.08271425725101757,0.08271425725101757,40648,40643,0.00012302241468395542,0.00012302241468395542,1533558,1146826,0.3372194212548373,0.3372194212548373,38768,38768,0.0,0.0,38768,39768,-0.025145845906256285,0.025145845906256285
4,W_v28_fp_alu_dense,mechanism,15.95368767,20305405.83,9,121,0,3440944,484,28672,1684,0,4,123904,68,42,26,3440944,68,True,True,True,0,0,0,0,0,0,0,0,48,0,1,1.0,0.0033504550015182205,0.6083563064018285,0.1875,,0.18264481946392533,0.18325913366149857,-0.0033521614191844413,0.0033521614191844413,0.14350160886082425,0.14398402773640534,-0.003350502713150008,0.003350502713150008,23,31,-0.25806451612903225,0.25806451612903225,23,54,-0.5740740740740741,0.5740740740740741,23,54,-0.5740740740740741,0.5740740740740741,64,60,0.06666666666666667,0.06666666666666667,68,174,-0.6091954022988506,0.6091954022988506,12,15,-0.2,0.2,,,,,7,7,0.0,0.0,7,52,-0.8653846153846154,0.8653846153846154
4,W_v28_gofeed_base,business_base,7.908618806,9922719.384,6,2071,246,3272580,3409,6176,1600,10182,3398,2120704,198240,164295,33945,3272580,198240,True,True,True,0,0,0,0,0,0,0,0,453,0,13633,1.0,0.1081887782036131,0.12167515862662107,0.01657789346917686,0.4512994220792479,3.25165585764915,2.9342149453596327,0.108185977578616,0.108185977578616,2.5916390126444577,2.3386275931590803,0.10818799035189818,0.10818799035189818,49620,49644,-0.00048344210780759005,0.00048344210780759005,33942,34036,-0.002761781642966271,0.002761781642966271,33942,34036,-0.002761781642966271,0.002761781642966271,5901,5896,0.0008480325644504749,0.0008480325644504749,198240,225706,-0.12168927720131499,0.12168927720131499,32991,32453,0.016577820232335994,0.016577820232335994,1780924,1227134,0.4512873084764989,0.4512873084764989,31005,30398,0.01996841897493256,0.01996841897493256,31005,33888,-0.0850743626062323,0.0850743626062323
4,W_v28_gofeed_heldout,heldout,7.73533939,9929859.478,5,2145,208,3204856,3811,5963,1568,9250,3784,2196480,168968,130255,38713,3204856,168968,True,True,True,0,0,0,0,0,0,0,0,350,0,23337,1.0,0.08585424408730119,0.09584871246148667,0.02365998918620029,0.3705041083519817,3.515057422646056,3.2371412503785164,0.0858523464909179,0.0858523464909179,2.738222247739056,2.5217217384629738,0.08585424235111774,0.08585424235111774,47048,47072,-0.0005098572399728076,0.0005098572399728076,38542,38659,-0.0030264621433560104,0.0030264621433560104,38542,38659,-0.0030264621433560104,0.0030264621433560104,5636,5635,0.0001774622892635315,0.0001774622892635315,168968,186881,-0.09585244085808617,0.09585244085808617,31800,31065,0.023660067600193145,0.023660067600193145,1739120,1268963,0.3705048925776402,0.3705048925776402,37139,36293,0.02331028021932604,0.02331028021932604,37139,38589,-0.037575474876260076,0.037575474876260076
4,W_v28_int_alu_dense,mechanism,13.25788225,15700161.37,7,661,0,3686532,2644,5608,1804,0,4,676864,20,2,18,3686532,20,True,True,True,0,0,0,0,0,0,0,0,16,0,1,1.0,0.001079210558002295,0.8214285714285714,0.5750000000000001,0.998173017980537,0.868657052987025,0.8695971444320666,-0.001081065469293329,0.001081065469293329,0.7335308631526866,0.7343233638577826,-0.001079225779951557,0.001079225779951557,15,42,-0.6428571428571429,0.6428571428571429,15,73,-0.7945205479452054,0.7945205479452054,15,73,-0.7945205479452054,0.7945205479452054,56,64,-0.125,0.125,20,112,-0.8214285714285714,0.8214285714285714,8,19,-0.5789473684210527,0.5789473684210527,3404,1863182,-0.9981730179875073,0.9981730179875073,5,5,0.0,0.0,5,68,-0.9264705882352942,0.9264705882352942
4,W_v28_int_div_serial,mechanism,2.583399469,12185686.04,8,916,0,3709970,3657,4560,1812,1395,1285,937984,65560,65538,22,3709970,65560,True,True,True,0,0,0,0,0,0,0,0,81,0,1,1.0,0.22597146115080521,0.5012815464889995,0.5184294871794872,0.9997731775151122,4.757239448510154,3.880342412807551,0.22598444735400033,0.22598444735400033,1.0085480475583362,0.8226513217956594,0.22597268227431622,0.22597268227431622,19,28,-0.32142857142857145,0.32142857142857145,19,56,-0.6607142857142857,0.6607142857142857,19,56,-0.6607142857142857,0.6607142857142857,49452,49452,0.0,0.0,65560,131459,-0.5012893753946097,0.5012893753946097,18,39,-0.5384615384615384,0.5384615384615384,376,1657212,-0.9997731129149439,0.9997731129149439,9,9,0.0,0.0,9,52,-0.8269230769230769,0.8269230769230769
4,W_v28_marine_base,business_base,7.230437962,9008182.6,5,2064,169,3507372,3962,6546,1716,15799,3902,2113536,283128,234283,48845,3507372,283128,True,True,True,0,0,0,0,0,0,0,0,607,0,30962,1.0,0.08199191615159886,0.20106123610679336,0.012008377167433835,0.41047134655986295,3.0025785024154588,2.7750517545392674,0.08199009171775494,0.08199009171775494,2.4100263673200333,2.2273976711477728,0.08199195794173224,0.08199195794173224,56675,56688,-0.0002293254304261925,0.0002293254304261925,48757,48876,-0.002434732793190932,0.002434732793190932,48757,48876,-0.002434732793190932,0.002434732793190932,4327,4325,0.00046242774566473987,0.00046242774566473987,283128,354383,-0.20106777130957185,0.20106777130957185,45846,45302,0.012008299854311068,0.012008299854311068,1794737,1272438,0.41047107992688053,0.41047107992688053,47071,47054,0.00036128703192077186,0.00036128703192077186,47071,48760,-0.03463904840032814,0.03463904840032814
4,W_v28_marine_heldout,heldout,7.579458832,9671908.386,5,1793,68,3281077,4075,5895,1604,9434,4011,1836032,172874,123696,49178,3281077,172874,True,True,True,0,0,0,0,0,0,0,0,385,0,9550,1.0,0.08341459909574228,0.23578481275204838,0.011778678600777628,0.24835413096385717,2.851007238144723,2.6315069979554697,0.08341237183096702,0.08341237183096702,2.2342118152058,2.0621953382678604,0.0834142497298169,0.0834142497298169,51536,51554,-0.0003491484656864647,0.0003491484656864647,49090,49203,-0.002296607930410747,0.002296607930410747,49090,49203,-0.002296607930410747,0.002296607930410747,7789,7786,0.0003853069612124326,0.0003853069612124326,172874,226220,-0.23581469366103794,0.23581469366103794,41833,41346,0.011778648478692014,0.011778648478692014,1632497,1307719,0.24835457770361982,0.24835457770361982,48134,45456,0.058914114748328056,0.058914114748328056,48134,49061,-0.018894845192719268,0.018894845192719268
4,W_v28_memory_random_mlp,mechanism,6.172825396,7114530.923,3,1919,652,2228436,1877,8692,1092,4728,1876,1965056,294988,197726,97262,2228436,294988,True,True,True,0,0,0,0,0,0,0,0,1189,0,1728,1.0,0.12723766426351107,0.0012661995118081505,0.0002767949649376505,1.018392004461121,4.02687134853776,3.5723553957519174,0.1272314488436208,0.1272314488436208,3.4938598191736268,3.0994953010087247,0.12723507534809195,0.12723507534809195,137390,137417,-0.00019648224018862294,0.00019648224018862294,97262,97327,-0.0006678516752802408,0.0006678516752802408,97262,97326,-0.0006575837905595627,0.0006575837905595627,56,61,-0.08196721311475409,0.08196721311475409,294988,295362,-0.0012662427800461805,0.0012662427800461805,115560,115550,8.654262224145392e-05,8.654262224145392e-05,1070998,530622,1.0183822005118521,1.0183822005118521,91142,91132,0.0001097309397357679,0.0001097309397357679,91142,91206,-0.000701708220950376,0.000701708220950376
4,W_v28_memory_seq_moderate,mechanism,8.097214348,9332441.412,5,2223,881,2228404,1867,9141,1092,1063,1835,2276352,131140,38,131102,2228404,131140,True,True,True,0,0,0,0,0,0,0,0,584,0,31,1.0,0.1454265976716936,0.0016139662094481104,0.48947367457125485,0.8528986401242269,4.694507141615842,5.49341494144201,-0.14543008462718748,0.14543008462718748,4.073149662269499,4.766299965222074,-0.14542733525171228,0.14542733525171228,131102,131116,-0.000106775679550932,0.000106775679550932,131102,131207,-0.0008002621811336285,0.0008002621811336285,131102,131207,-0.0008002621811336285,0.0008002621811336285,56,60,-0.06666666666666667,0.06666666666666667,131140,131352,-0.0016139837992569584,0.0016139837992569584,3110,2087,0.49017728797316723,0.49017728797316723,918479,495717,0.8528293360929724,0.8528293360929724,131082,131082,0.0,0.0,131082,131148,-0.0005032482386311648,0.0005032482386311648
4,W_v28_mysql_base,business_base,7.644422942,9665923.8,4,3272,332,3821689,5630,4286,1868,3286,5531,3350528,200992,151196,49796,3821689,200992,True,True,True,0,0,0,0,0,0,0,0,318,0,53780,1.0,0.0845935749395369,0.10713184596600803,6.384248378227373e-05,0.21847233598597324,4.431846793626194,4.086188499708018,0.0845918620599308,0.0845918620599308,3.5049843145269017,3.231610980424993,0.08459351566690029,0.08459351566690029,61682,61704,-0.00035654090496564243,0.00035654090496564243,49779,49889,-0.0022048948666038605,0.0022048948666038605,49779,49889,-0.0022048948666038605,0.0022048948666038605,2692,2688,0.001488095238095238,0.001488095238095238,200992,225111,-0.10714269849096668,0.10714269849096668,46993,46990,6.38433709299851e-05,6.38433709299851e-05,2235019,1834279,0.2184727623224166,0.2184727623224166,48008,47330,0.014324952461440946,0.014324952461440946,48008,49780,-0.03559662515066292,0.03559662515066292
4,W_v28_mysql_heldout,heldout,7.227837821,9497172.199,5,3148,351,3761230,5324,4849,1840,4647,5286,3223552,200362,149099,51263,3761230,200362,True,True,True,0,0,0,0,0,0,0,0,304,0,7212,1.0,0.09242035069957832,0.10029097523703721,0.00015910538975000317,0.28797929139736156,4.501902539397517,4.121040963464829,0.09241877945626469,0.09241877945626469,3.4261799996277813,3.136320335973324,0.09242029914157432,0.09242029914157432,57813,57833,-0.0003458233188663912,0.0003458233188663912,51108,51228,-0.0023424689622862497,0.0023424689622862497,51108,51228,-0.0023424689622862497,0.0023424689622862497,5465,5462,0.0005492493592090809,0.0005492493592090809,200362,222698,-0.10029726355872078,0.10029726355872078,43996,43989,0.00015913069176385006,0.00015913069176385006,2112907,1640481,0.2879801716691629,0.2879801716691629,50103,49007,0.022364152059909808,0.022364152059909808,50103,51094,-0.01939562375229968,0.01939562375229968
4,W_v28_pytorch_base,business_base,6.137524728,9156979.464,5,742,36,3181976,1781,12429,1556,3888,1762,759808,214424,165759,48665,3181976,214424,True,True,True,0,0,0,0,0,0,0,0,835,0,31860,1.0,0.22930794506928717,0.0035549585911890586,0.9940706767140249,1.226386905564141,1.4160755647664507,1.8374091314883305,-0.22930851899086457,0.22930851899086457,0.9491338086773753,1.2315341592088238,-0.22930776902921748,0.22930776902921748,49181,49207,-0.0005283801085211454,0.0005283801085211454,48662,48762,-0.002050777244575694,0.002050777244575694,48662,48762,-0.002050777244575694,0.002050777244575694,372,384,-0.03125,0.03125,214424,215189,-0.0035550144291762124,0.0035550144291762124,97865,49078,0.9940706630262032,0.9940706630262032,1704361,765556,1.226304803306355,1.226304803306355,46611,46609,4.291016756420434e-05,4.291016756420434e-05,46611,48652,-0.041950998931184744,0.041950998931184744
4,W_v28_pytorch_heldout,heldout,6.200346607,9653494.197,6,729,44,3032594,1982,10028,1484,3489,1960,746496,170618,127737,42881,3032594,170618,True,True,True,0,0,0,0,0,0,0,0,565,0,19446,1.0,0.20827694213106038,0.015436122888436033,0.9939439276740772,0.9026618155853722,1.5303803356186396,1.9329778244168603,-0.20827837945822067,0.20827837945822067,0.9829485912060764,1.241532143051459,-0.2082777745969843,0.2082777745969843,43061,43088,-0.0006266245822502785,0.0006266245822502785,42878,42978,-0.002326771836753688,0.002326771836753688,42878,42978,-0.002326771836753688,0.002326771836753688,3334,3338,-0.0011983223487118035,0.0011983223487118035,170618,173293,-0.015436284212287859,0.015436284212287859,85933,43097,0.9939438940065434,0.9939438940065434,1580898,830911,0.9026081012286514,0.9026081012286514,41943,41940,7.15307582260372e-05,7.15307582260372e-05,41943,42946,-0.023354910818236856,0.023354910818236856
4,W_v28_redis_base,business_base,8.099749343,10246950.55,6,1633,120,3442920,3333,7565,1684,11501,3310,1672192,181092,144623,36469,3442920,181092,True,True,True,0,0,0,0,0,0,0,0,446,0,15657,1.0,0.09701242759619404,0.0022809011928103004,0.00012076932102267311,0.3934989023292779,2.4381081267784492,2.2225021348646545,0.0970104768546936,0.0970104768546936,1.9272138185028986,1.7567840982462377,0.09701233089871288,0.09701233089871288,49400,49426,-0.0005260389268805891,0.0005260389268805891,36426,36522,-0.0026285526531953343,0.0026285526531953343,36426,36522,-0.0026285526531953343,0.0026285526531953343,372,372,0.0,0.0,181092,181506,-0.002280916333344352,0.002280916333344352,33121,33119,6.038829674809022e-05,6.038829674809022e-05,1537642,1103441,0.39349725087249793,0.39349725087249793,34696,34696,0.0,0.0,34696,36468,-0.048590545135461224,0.048590545135461224
4,W_v28_redis_heldout,heldout,7.945037572,10167966.92,3,2549,400,3527029,3958,6204,1724,11424,3935,2610176,156697,119932,36765,3527029,156697,True,True,True,0,0,0,0,0,0,0,0,350,0,8779,1.0,0.13600034699114505,0.03266008013350312,0.00023968878191403423,0.28731217052231334,3.7724121690293755,3.3207848883092965,0.13600016138052679,0.13600016138052679,2.9476842974639563,2.594787995633745,0.1360019787450962,0.1360019787450962,43259,43287,-0.0006468454732367685,0.0006468454732367685,36722,36829,-0.0029053191778218254,0.0029053191778218254,36722,36828,-0.0028782448137286845,0.0028782448137286845,2372,2379,-0.0029424127784783522,0.0029424127784783522,156697,161988,-0.03266291330221992,0.03266291330221992,29209,29204,0.0001712094233666621,0.0001712094233666621,1655968,1286378,0.2873105727865371,0.2873105727865371,35992,35992,0.0,0.0,35992,36793,-0.021770445465170006,0.021770445465170006
4,W_v28_simd_sse_dense,mechanism,9.447859273,18895865.32,8,201,0,3604828,804,18030,1764,0,4,205824,80,54,26,3604828,80,True,True,True,0,0,0,0,0,0,0,0,60,0,1,1.0,0.1677637980819026,0.3943252559551371,0.325,,0.4556618952507767,0.5475146636839968,-0.1677631203796101,0.1677631203796101,0.22782917798019767,0.2737554333066378,-0.16776381301991336,0.16776381301991336,23,33,-0.30303030303030304,0.30303030303030304,23,56,-0.5892857142857143,0.5892857142857143,23,56,-0.5892857142857143,0.5892857142857143,64,64,0.0,0.0,80,133,-0.39849624060150374,0.39849624060150374,12,18,-0.3333333333333333,0.3333333333333333,,,,,7,7,0.0,0.0,7,54,-0.8703703703703703,0.8703703703703703
8,W_v28_bvc_encoder_base,business_base,7.272844224,9311773.666,6,1277,3,7064282,7042,14912,3456,18442,7029,1307648,510232,456709,53523,7064282,510232,True,True,True,0,0,0,0,0,0,0,0,1272,0,292052,1.0,0.046857298244760114,0.01047578280247221,0.00022482356142001537,0.3973678722783008,1.8950883095129307,1.810268677989313,0.046854719719189974,0.046854719719189974,1.4801349946109172,1.4138850515356656,0.04685666844224394,0.04685666844224394,54061,54135,-0.0013669529879006188,0.0013669529879006188,53519,53762,-0.004519921133886388,0.004519921133886388,53519,53762,-0.004519921133886388,0.004519921133886388,1767,1751,0.009137635636778984,0.009137635636778984,510232,515634,-0.010476423199401126,0.010476423199401126,53388,53400,-0.00022471910112359551,0.00022471910112359551,3399271,2432628,0.3973657295731201,0.3973657295731201,48588,48585,6.174745291756716e-05,6.174745291756716e-05,48588,53377,-0.0897202915113251,0.0897202915113251
8,W_v28_bvc_encoder_heldout,heldout,7.28945665,9470015.058,5,1140,1,6615118,6258,12174,3232,19980,6207,1167360,472046,424392,47654,6615118,472046,True,True,True,0,0,0,0,0,0,0,0,1008,0,162080,1.0,0.03560222620492148,0.07576315619446478,0.00016813113375518864,0.42677109754351855,1.8302082551867407,1.7672922811164438,0.03560020871621263,0.03560020871621263,1.4087859052552048,1.3603543190973109,0.03560218501752661,0.03560218501752661,47876,47942,-0.0013766634683575988,0.0013766634683575988,47649,47880,-0.004824561403508772,0.004824561403508772,47649,47880,-0.004824561403508772,0.004824561403508772,10744,10707,0.0034556831979079107,0.0034556831979079107,472046,510743,-0.07576608979467168,0.07576608979467168,47545,47553,-0.00016823333964208358,0.00016823333964208358,2798603,1961513,0.42675730418304647,0.42675730418304647,45192,45190,4.425757911042266e-05,4.425757911042266e-05,45192,47733,-0.05323361196656401,0.05323361196656401
8,W_v28_cache_L1_mixed,mechanism,10.93534482,13865886.17,7,575,11,6822232,4164,13321,3336,536,2415,588800,135264,133133,2131,6822232,135264,True,True,True,0,0,0,0,0,0,0,0,304,0,88,1.0,0.059799817799662494,0.0017490489779538672,0.10694444444444445,0.622681627376283,0.8627413407281297,0.8140641529941707,0.05979527234422713,0.05979527234422713,0.6804018098475689,0.6420112276231366,0.05979736891294339,0.05979736891294339,2095,2112,-0.008049242424242424,0.008049242424242424,2095,2179,-0.038549793483249196,0.038549793483249196,2095,2178,-0.03810835629017447,0.03810835629017447,2280,2336,-0.023972602739726026,0.023972602739726026,135264,135501,-0.0017490645825492062,0.0017490645825492062,84,76,0.10526315789473684,0.10526315789473684,964302,2555672,-0.6226816273762831,0.6226816273762831,2064,2064,0.0,0.0,2064,2163,-0.04576976421636616,0.04576976421636616
8,W_v28_cache_L2_mixed,mechanism,10.46703605,13272076.27,23,981,20,6822232,5495,10976,3336,362,5481,1004544,135264,118573,16691,6822232,135264,True,True,True,0,0,0,0,0,0,0,0,304,0,114,1.0,0.05449808466604436,0.0018153556986117893,0.020003556187766714,0.19646879754595184,1.3881028407021092,1.3163273726727516,0.05452706486200339,0.05452706486200339,1.0947286753074361,1.0381208279166454,0.054529151008745565,0.054529151008745565,131131,131154,-0.00017536636320661207,0.00017536636320661207,16431,16530,-0.005989110707803993,0.005989110707803993,16431,16529,-0.005928973319620062,0.005928973319620062,2280,2336,-0.023972602739726026,0.023972602739726026,135264,135510,-0.001815364179765331,0.001815364179765331,308,302,0.019867549668874173,0.019867549668874173,3887911,3249488,0.19646879754595187,0.19646879754595187,16400,16400,0.0,0.0,16400,16504,-0.006301502666020358,0.006301502666020358
8,W_v28_coh_readmostly_sparse,mechanism,10.0358032,13018099.74,4,558,0,6293848,4432,12560,3080,8492,4425,571392,133216,116773,16443,6293848,133216,True,True,True,0,0,0,0,0,0,0,0,328,0,5937,1.0,0.10128401960925855,0.0010797831445226677,0.027120870870870874,0.448880276056092,0.9416304616652926,0.8550313394728967,0.10128181061267526,0.10128181061267526,0.7259137812034864,0.6591521914006537,0.10128402920267744,0.10128402920267744,131139,131155,-0.00012199306164461896,0.00012199306164461896,16439,16515,-0.004601877081441114,0.004601877081441114,16439,16515,-0.004601877081441114,0.004601877081441114,2280,2336,-0.023972602739726026,0.023972602739726026,133216,133360,-0.0010797840431913618,0.0010797840431913618,303,295,0.02711864406779661,0.02711864406779661,3308013,2283165,0.44887163214222364,0.44887163214222364,2072,2072,0.0,0.0,2072,10182,-0.7965036338636811,0.7965036338636811
8,W_v28_flink_base,business_base,7.327540274,9241066.545,7,1909,12,6949148,8337,10567,3399,9981,8246,1954816,441994,353261,88733,6949148,441994,True,True,True,0,0,0,0,0,0,0,0,843,0,70854,1.0,0.07864706061909937,0.04004703168972229,0.00011153729430722876,0.3978017765820031,2.8351997494103665,2.6284831564260815,0.07864482314787023,0.07864482314787023,2.248121496333076,2.084205124707214,0.0786469477896943,0.0786469477896943,105251,105268,-0.00016149257134171827,0.00016149257134171827,80756,80965,-0.0025813623170505774,0.0025813623170505774,80756,80965,-0.0025813623170505774,0.0025813623170505774,3551,3542,0.002540937323546019,0.002540937323546019,441994,460437,-0.04005542560654335,0.04005542560654335,80702,80693,0.00011153383812722293,0.00011153383812722293,3810807,2726288,0.3978005992030189,0.3978005992030189,71739,71735,5.5760786227085804e-05,5.5760786227085804e-05,71739,80066,-0.10400169859865611,0.10400169859865611
8,W_v28_flink_heldout,heldout,6.960742854,9141022.882,7,1881,17,6426974,7070,11174,3144,11757,7041,1926144,386762,294066,92696,6426974,386762,True,True,True,0,0,0,0,0,0,0,0,838,0,65164,1.0,0.07164733011427535,0.08260786539149577,0.00011082934098867738,0.3496840418204426,3.141469273430243,2.9314512718054884,0.07164301301703173,0.07164301301703173,2.3921786520374906,2.232249052166143,0.07164505220246561,0.07164505220246561,96195,96242,-0.0004883522786309512,0.0004883522786309512,79355,79577,-0.002789750807394096,0.002789750807394096,79355,79577,-0.002789750807394096,0.002789750807394096,10082,10076,0.0005954743946010321,0.0005954743946010321,386762,421591,-0.08261324364134907,0.08261324364134907,81263,81254,0.0001107637777832476,0.0001107637777832476,3091689,2290677,0.3496835215091434,0.3496835215091434,75120,75119,1.3312211291417618e-05,1.3312211291417618e-05,75120,79257,-0.05219728225898028,0.05219728225898028
8,W_v28_fp_alu_dense,mechanism,15.6999835,19982498.28,11,121,0,6881888,968,57344,3368,0,8,123904,136,85,51,6881888,136,True,True,True,0,0,0,0,0,0,0,0,96,0,9,1.0,0.0035742225123320793,0.6494106910531329,0.16874999999999998,109.47985347985347,0.18261744757914172,0.1832728689063657,-0.0035762048749225545,0.0035762048749225545,0.14348010313448867,0.14399477937679464,-0.0035742701543311282,0.0035742701543311282,47,72,-0.3472222222222222,0.3472222222222222,47,117,-0.5982905982905983,0.5982905982905983,47,117,-0.5982905982905983,0.5982905982905983,128,120,0.06666666666666667,0.06666666666666667,136,393,-0.6539440203562341,0.6539440203562341,29,35,-0.17142857142857143,0.17142857142857143,3196,28,113.14285714285714,113.14285714285714,9,9,0.0,0.0,9,112,-0.9196428571428571,0.9196428571428571
8,W_v28_gofeed_base,business_base,7.583971911,9516036.728,6,1967,17,6545602,6823,12295,3200,20498,6809,2014208,396480,328584,67896,6545602,396480,True,True,True,0,0,0,0,0,0,0,0,902,0,62752,1.0,0.11174127535411423,0.12537300052289305,0.01647484315995493,0.4698174467959213,3.0859169287770345,2.775756901925753,0.11173890142760697,0.11173890142760697,2.459375470735923,2.2121833259976738,0.11174125662789187,0.11174125662789187,99244,99304,-0.0006042052686699428,0.0006042052686699428,67892,68108,-0.0031714336054501674,0.0031714336054501674,67892,68108,-0.0031714336054501674,0.0031714336054501674,12153,12142,0.0009059463020919124,0.0009059463020919124,396480,453329,-0.12540340459136742,0.12540340459136742,65956,64887,0.016474794642994745,0.016474794642994745,3563623,2424575,0.4697928502933504,0.4697928502933504,55546,54512,0.018968300557675375,0.018968300557675375,55546,66423,-0.16375351911235567,0.16375351911235567
8,W_v28_gofeed_heldout,heldout,7.472054863,9592027.423,7,2097,24,6411005,7507,10560,3136,18120,7465,2147328,338083,260652,77431,6411005,338083,True,True,True,0,0,0,0,0,0,0,0,703,0,75478,1.0,0.0722525583797184,0.09424740427557848,0.023451479616651214,0.3776748383612767,3.436636916126544,3.205069931365162,0.0722502128565878,0.0722502128565878,2.6770919691998367,2.49669945066755,0.07225239645246635,0.07225239645246635,94092,94154,-0.0006584956560528496,0.0006584956560528496,77090,77367,-0.0035803378701513566,0.0035803378701513566,77090,77367,-0.0035803378701513566,0.0035803378701513566,11076,11070,0.0005420054200542005,0.0005420054200542005,338083,373265,-0.09425475198585455,0.09425475198585455,63586,62129,0.02345120636095865,0.02345120636095865,3491382,2534258,0.37767425416038936,0.37767425416038936,70744,69146,0.02311051976976253,0.02311051976976253,70744,76798,-0.07883017786921534,0.07883017786921534
8,W_v28_int_alu_dense,mechanism,12.86935169,15240058.29,7,661,0,7373064,5288,11216,3608,0,8,676864,40,5,35,7373064,40,True,True,True,0,0,0,0,0,0,0,0,32,0,9,1.0,0.0011959869539370782,0.825892857142857,0.5531250000000001,0.9981700631039547,0.8686328003536066,0.8696748041648812,-0.0011981533859374218,0.0011981533859374218,0.7335103832002543,0.734388717492869,-0.001196007334662348,0.001196007334662348,31,85,-0.6352941176470588,0.6352941176470588,31,147,-0.7891156462585034,0.7891156462585034,31,147,-0.7891156462585034,0.7891156462585034,112,128,-0.125,0.125,40,230,-0.8260869565217391,0.8260869565217391,20,45,-0.5555555555555556,0.5555555555555556,6819,3726358,-0.9981700631018275,0.9981700631018275,7,7,0.0,0.0,7,139,-0.9496402877697842,0.9496402877697842
8,W_v28_int_div_serial,mechanism,2.501701741,11800364.24,9,916,0,7419965,7311,8795,3626,2820,2594,937984,131120,131077,43,7419965,131120,True,True,True,0,0,0,0,0,0,0,0,158,0,9,1.0,0.22579786324385426,0.5005351783886108,0.405048076923077,0.9998307714625905,4.756068473435013,3.8799320566838476,0.22581230906914215,0.22581230906914215,1.0082964003199475,0.822562868479763,0.2257985850776997,0.2257985850776997,38,57,-0.3333333333333333,0.3333333333333333,38,115,-0.6695652173913044,0.6695652173913044,38,115,-0.6695652173913044,0.6695652173913044,98826,98826,0.0,0.0,131120,262524,-0.5005409029269705,0.5005409029269705,42,75,-0.44,0.44,561,3315288,-0.9998307839318937,0.9998307839318937,15,15,0.0,0.0,15,98,-0.8469387755102041,0.8469387755102041
8,W_v28_marine_base,business_base,6.961738776,8673477.022,5,2098,20,7014825,7917,12792,3432,30656,7799,2148352,566256,468606,97650,7014825,566256,True,True,True,0,0,0,0,0,0,0,0,1202,0,76218,1.0,0.0717702073439822,0.20058647948490313,0.01195981257132272,0.436471878216273,3.0473679882538214,2.843309110897787,0.07176809463801208,0.07176809463801208,2.4459602342182447,2.2821684323909452,0.07177025126743197,0.07177025126743197,113348,113385,-0.0003263218238744102,0.0003263218238744102,97477,97738,-0.002670404550942315,0.002670404550942315,97477,97738,-0.002670404550942315,0.002670404550942315,8623,8619,0.00046409096182851837,0.00046409096182851837,566256,708344,-0.20059180285285116,0.20059180285285116,91721,90637,0.011959795668435629,0.011959795668435629,3640745,2534508,0.4364701156989838,0.4364701156989838,89826,89769,0.0006349630718845036,0.0006349630718845036,89826,97026,-0.07420691361078474,0.07420691361078474
8,W_v28_marine_heldout,heldout,7.335148466,9359954.45,6,1842,11,6561758,8082,10490,3208,18419,7947,1886208,345727,247383,98344,6561758,345727,True,True,True,0,0,0,0,0,0,0,0,757,0,31541,1.0,0.08721004461908366,0.23441550566480857,0.01181710801258212,0.26407453012380516,2.9266733251968584,2.691917475123991,0.08720766971582386,0.08720766971582386,2.2935563914426593,2.1095801811909434,0.08720986852836944,0.08720986852836944,103079,103113,-0.0003297353389000417,0.0003297353389000417,98171,98399,-0.002317096718462586,0.002317096718462586,98171,98399,-0.002317096718462586,0.002317096718462586,15474,15471,0.00019391118867558658,0.00019391118867558658,345727,451603,-0.23444485532647039,0.23444485532647039,83654,82677,0.011817071253190125,0.011817071253190125,3296118,2607536,0.2640738229500954,0.2640738229500954,94078,88796,0.059484661471237446,0.059484661471237446,94078,97956,-0.03958920331577443,0.03958920331577443
8,W_v28_memory_random_mlp,mechanism,5.804497938,6690012.664,5,2140,343,4456872,3828,17316,2184,9640,3819,2191360,589976,395574,194402,4456872,589976,True,True,True,0,0,0,0,0,0,0,0,2369,0,3364,1.0,0.17459152550272605,0.0012966469843457278,0.00026859556268889553,1.0455979095906995,4.474478813243739,3.8094245316490527,0.1745812985844329,0.1745812985844329,3.882220310567591,3.30518265861118,0.17458570722347883,0.17458570722347883,274830,274884,-0.00019644650106954206,0.00019644650106954206,194401,194651,-0.0012843499391218128,0.0012843499391218128,194401,194650,-0.0012792191112252762,0.0012792191112252762,112,122,-0.08196721311475409,0.08196721311475409,589976,590742,-0.0012966743519167419,0.0012966743519167419,230932,230892,0.0001732411690314086,0.0001732411690314086,2158621,1055280,1.0455433628989463,1.0455433628989463,182103,182085,9.885493038965319e-05,9.885493038965319e-05,182103,182232,-0.0007078888449888054,0.0007078888449888054
8,W_v28_memory_seq_moderate,mechanism,7.852418145,9050301.638,6,2413,473,4456808,3732,18330,2184,2118,3674,2470912,262280,77,262203,4456808,262280,True,True,True,0,0,0,0,0,0,0,0,1174,0,99,1.0,0.3272501173990315,0.0016975548913152644,0.48758538700293075,0.8585237533304751,5.084646612077027,7.585248284173016,-0.32966642335407986,0.32966642335407986,4.411650894541564,6.581252214284641,-0.32966390727800193,0.32966390727800193,262203,262237,-0.00012965371019345095,0.00012965371019345095,262203,262432,-0.0008726069991464455,0.0008726069991464455,262203,262432,-0.0008726069991464455,0.0008726069991464455,112,120,-0.06666666666666667,0.06666666666666667,262280,262726,-0.0016975860782716594,0.0016975860782716594,6223,4181,0.48839990432910785,0.48839990432910785,1833879,986811,0.8583892964306234,0.8583892964306234,262160,262160,0.0,0.0,262160,262289,-0.0004918239041667779,0.0004918239041667779
8,W_v28_mysql_base,business_base,7.32446708,9261291.441,5,3216,43,7643587,11234,8572,3736,6361,11022,3293184,401984,302415,99569,7643587,401984,True,True,True,0,0,0,0,0,0,0,0,636,0,126148,1.0,0.06702188821443508,0.10800652904190602,5.316886969938554e-05,0.22149588202278933,4.3554377737248915,4.081870896161736,0.06701997307665844,0.06701997307665844,3.4445801428046807,3.228218873844856,0.06702187101153251,0.06702187101153251,123379,123433,-0.0004374843032252315,0.0004374843032252315,99538,99790,-0.002525303136586832,0.002525303136586832,99538,99790,-0.002525303136586832,0.002525303136586832,5414,5406,0.0014798372179060304,0.0014798372179060304,401984,450663,-0.10801641137612807,0.10801641137612807,94023,94018,5.3181305707417725e-05,5.3181305707417725e-05,4471571,3660733,0.22149607742493102,0.22149607742493102,91658,90334,0.01465671840060221,0.01465671840060221,91658,99056,-0.07468502665159102,0.07468502665159102
8,W_v28_mysql_heldout,heldout,7.016487229,9219761.746,3,3141,45,7521091,10614,8473,3678,9376,10514,3216384,400653,298154,102499,7521091,400653,True,True,True,0,0,0,0,0,0,0,0,617,0,31049,1.0,0.0708461014818887,0.10247515765524437,0.00018178823919596753,0.3001652898499399,4.4926961383553765,4.1954711404926215,0.07084424797827489,0.07084424797827489,3.419062872660363,3.1928614545135443,0.07084598607529685,0.07084598607529685,115625,115666,-0.00035446890183805094,0.00035446890183805094,102189,102456,-0.0026059967205434528,0.0026059967205434528,102189,102456,-0.0026059967205434528,0.0026059967205434528,11151,11144,0.000628140703517588,0.000628140703517588,400653,446403,-0.10248587039065597,0.10248587039065597,88017,88001,0.00018181611572595766,0.00018181611572595766,4241434,3262232,0.30016320114571865,0.30016320114571865,97857,95669,0.022870522321755217,0.022870522321755217,97857,101990,-0.04052358074321012,0.04052358074321012
8,W_v28_pytorch_base,business_base,5.944217383,8868571.439,8,804,10,6363952,3610,22714,3112,8277,3583,823296,428848,331504,97344,6363952,428848,True,True,True,0,0,0,0,0,0,0,0,1521,0,136915,1.0,0.19362800061984584,0.003890549953199077,0.9940724476227558,1.4668791959646539,1.5296970094807618,1.8970167211033246,-0.19363019183559219,0.19363019183559219,1.0252893170784443,1.2714862866929153,-0.1936292763760901,0.1936292763760901,98360,98419,-0.0005994777431187067,0.0005994777431187067,97341,97544,-0.0020811121135077505,0.0020811121135077505,97341,97543,-0.0020708815599274166,0.0020708815599274166,744,764,-0.02617801047120419,0.02617801047120419,428848,430523,-0.0038906167614738353,0.0038906167614738353,195788,98185,0.9940724143199063,0.9940724143199063,3478464,1410217,1.4666161307089618,1.4666161307089618,88260,88255,5.665401393688743e-05,5.665401393688743e-05,88260,96681,-0.08710087814565426,0.08710087814565426
8,W_v28_pytorch_heldout,heldout,5.971540371,9297317.532,7,789,5,6065008,4190,16638,2967,7300,4137,807936,341216,255481,85735,6065008,341216,True,True,True,0,0,0,0,0,0,0,0,1033,0,86499,1.0,0.1765930244149977,0.01556481998389376,0.9939342881802677,1.0134314475914097,1.655589104478225,2.0106602490052623,-0.176594302643971,0.176594302643971,1.0633623236770668,1.291418530773907,-0.17659356874813711,0.17659356874813711,86113,86173,-0.0006962737748482704,0.0006962737748482704,85732,85931,-0.0023158115231988454,0.0023158115231988454,85732,85930,-0.002304201093913651,0.002304201093913651,6736,6744,-0.0011862396204033216,0.0011862396204033216,341216,346611,-0.015564999379708087,0.015564999379708087,171921,86222,0.993934262717172,0.993934262717172,3233046,1605939,1.0131810735027917,1.0131810735027917,81567,81560,8.582638548307995e-05,8.582638548307995e-05,81567,85663,-0.0478152761402239,0.0478152761402239
8,W_v28_redis_base,business_base,7.852869195,9934623.766,6,1648,27,6885840,6458,13896,3368,22576,6401,1687552,362184,289304,72880,6885840,362184,True,True,True,0,0,0,0,0,0,0,0,895,0,69990,1.0,0.08571011277721428,0.0025007301756540213,9.060891629442846e-05,0.40360625661355054,2.468649686640171,2.273768081114509,0.08570865566471453,0.08570865566471453,1.9513555354176106,1.7973069272536923,0.08571079642991557,0.08571079642991557,98793,98856,-0.0006372906045156591,0.0006372906045156591,72796,73010,-0.002931105328037255,0.002931105328037255,72796,73010,-0.002931105328037255,0.002931105328037255,744,744,0.0,0.0,362184,363092,-0.0025007436131889438,0.0025007436131889438,66243,66239,6.0387385075257776e-05,6.0387385075257776e-05,3096713,2206256,0.4036054746140067,0.4036054746140067,65420,65414,9.172348426942244e-05,9.172348426942244e-05,65420,72401,-0.09642132014751177,0.09642132014751177
8,W_v28_redis_heldout,heldout,7.743410367,9909923.263,6,2526,67,7053518,7776,11693,3448,22408,7729,2586624,313334,239806,73528,7053518,313334,True,True,True,0,0,0,0,0,0,0,0,705,0,40126,1.0,0.0952180932759366,0.033054814315897074,0.00017123535435318175,0.29180844122916555,3.721600247048249,3.398046303893204,0.09521763808349035,0.09521763808349035,2.9079819460303353,2.6551585885552655,0.09521968238162261,0.09521968238162261,86514,86583,-0.0007969231835348741,0.0007969231835348741,73443,73673,-0.003121903546753899,0.003121903546753899,73443,73672,-0.0031083722445433815,0.0031083722445433815,4772,4782,-0.002091175240485153,0.002091175240485153,313334,324046,-0.03305703511229887,0.03305703511229887,58409,58401,0.00013698395575418229,0.00013698395575418229,3323094,2572442,0.2918052185433141,0.2918052185433141,70102,70102,0.0,0.0,70102,73452,-0.04560801611937047,0.04560801611937047
8,W_v28_simd_sse_dense,mechanism,9.379771239,18759688.19,9,201,0,7209656,1608,36052,3528,0,8,205824,160,109,51,7209656,160,True,True,True,0,0,0,0,0,0,0,0,120,0,9,1.0,0.16787929704898008,0.5068663955328625,0.28958333333333336,75.74469696969697,0.45562083888149135,0.5475412419122355,-0.1678785011878209,0.1678785011878209,0.2278086499550048,0.2737687603029528,-0.16787930915524646,0.16787930915524646,47,77,-0.38961038961038963,0.38961038961038963,47,121,-0.6115702479338843,0.6115702479338843,47,121,-0.6115702479338843,0.6115702479338843,128,128,0.0,0.0,160,335,-0.5223880597014925,0.5223880597014925,29,41,-0.2926829268292683,0.2926829268292683,5841,48,120.6875,120.6875,9,9,0.0,0.0,9,116,-0.9224137931034483,0.9224137931034483
16,W_v28_bvc_encoder_base,business_base,6.95343542,8902786.954,3,1298,3,14128422,13839,29822,6912,37067,13804,1329152,1020464,913413,107051,14128422,1020464,True,True,True,0,0,0,0,0,0,0,0,2544,0,755081,1.0,0.06382199874270915,0.011032778423782396,0.0002809347310547537,0.415410440206026,1.9208305818275835,1.8055974452753516,0.06381994882289999,0.06381994882289999,1.5002460996705789,1.4102415630447533,0.06382207061852797,0.06382207061852797,108134,108307,-0.0015973113464503679,0.0015973113464503679,107042,107572,-0.00492693265905626,0.00492693265905626,107042,107572,-0.00492693265905626,0.00492693265905626,3603,3570,0.009243697478991597,0.009243697478991597,1020464,1031849,-0.01103359115529501,0.01103359115529501,106746,106776,-0.0002809620139357159,0.0002809620139357159,6905512,4878810,0.41540908541222143,0.41540908541222143,87243,87232,0.00012610051357300073,0.00012610051357300073,87243,104426,-0.16454714343171242,0.16454714343171242
16,W_v28_bvc_encoder_heldout,heldout,6.8534253,8903554.621,4,1182,1,13229283,12589,24033,6464,41471,12529,1210368,943987,848669,95318,13229283,943987,True,True,True,0,0,0,0,0,0,0,0,2028,0,494856,1.0,0.055775522924353664,0.07654332295814699,0.000178757315359187,0.4384908934224585,1.8946552984337894,1.7945661926788439,0.055773426560286006,0.055773426560286006,1.4583926430480019,1.381347194594338,0.05577558542498783,0.05577558542498783,95749,95881,-0.0013767065424849553,0.0013767065424849553,95310,95781,-0.004917467973815266,0.004917467973815266,95310,95781,-0.004917467973815266,0.004917467973815266,21664,21593,0.0032881026258509702,0.0032881026258509702,943987,1022238,-0.07654870979165322,0.07654870979165322,95079,95096,-0.00017876671994615967,0.00017876671994615967,5651597,3928866,0.4384804673918632,0.4384804673918632,85441,85433,9.364063066964756e-05,9.364063066964756e-05,85441,94643,-0.09722853248523398,0.09722853248523398
16,W_v28_cache_L1_mixed,mechanism,10.04805915,12740818.59,11,580,12,13644464,8329,26640,6672,1039,4816,593920,270528,266266,4262,13644464,270528,True,True,True,0,0,0,0,0,0,0,0,608,0,375,1.0,0.06577332810085253,0.0017674705077844058,0.05972222222222223,0.6172801126279114,0.867585905032377,0.8140456360970115,0.06577059879844985,0.06577059879844985,0.684222480267455,0.6419965335658459,0.06577285778643274,0.06577285778643274,4189,4226,-0.008755324183625178,0.008755324183625178,4189,4361,-0.039440495299243296,0.039440495299243296,4189,4360,-0.039220183486238534,0.039220183486238534,4560,4672,-0.023972602739726026,0.023972602739726026,270528,271007,-0.0017674820207596114,0.0017674820207596114,164,155,0.05806451612903226,0.05806451612903226,1956213,5111344,-0.6172801126279116,0.6172801126279116,4125,4125,0.0,0.0,4125,4328,-0.046903881700554526,0.046903881700554526
16,W_v28_cache_L2_mixed,mechanism,9.637865492,12220697.94,11,1042,14,13644464,10942,21963,6672,1253,10912,1067008,270528,237146,33382,13644464,270528,True,True,True,0,0,0,0,0,0,0,0,608,0,454,1.0,0.16222535333419205,0.0017637842880184138,0.01680298719772404,0.1963766291797354,1.5376697841780105,1.3230443332174806,0.16222090641406342,0.16222090641406342,1.2126847928947593,1.0434180075603707,0.16222336983636446,0.16222336983636446,262262,262305,-0.0001639313013476678,0.0001639313013476678,32860,33049,-0.005718781203667282,0.005718781203667282,32860,33048,-0.005688695231178892,0.005688695231178892,4560,4672,-0.023972602739726026,0.023972602739726026,270528,271006,-0.001763798587485148,0.001763798587485148,612,602,0.016611295681063124,0.016611295681063124,7775223,6498976,0.1963766291797354,0.1963766291797354,32797,32797,0.0,0.0,32797,33007,-0.006362286787651104,0.006362286787651104
16,W_v28_coh_readmostly_sparse,mechanism,9.534588656,12367941.42,15,556,0,12587696,8860,25113,6160,17059,8844,569344,266432,233546,32886,12587696,266432,True,True,True,0,0,0,0,0,0,0,0,656,0,21947,1.0,0.09561018725270587,0.0011546813392396562,0.015249624624624626,0.4475590134085347,0.9361656018136851,0.8544714274231611,0.09560784804342737,0.09560784804342737,0.7217008577264656,0.6587204548276542,0.09561021285620996,0.09561021285620996,262278,262317,-0.00014867507633893343,0.00014867507633893343,32877,33044,-0.005053867570512045,0.005053867570512045,32877,33044,-0.005053867570512045,0.005053867570512045,4560,4651,-0.019565684798967965,0.019565684798967965,266432,266740,-0.0011546824623228612,0.0011546824623228612,607,598,0.015050167224080268,0.015050167224080268,6612543,4568105,0.4475461925678153,0.4475461925678153,2093,2093,0.0,0.0,2093,20284,-0.8968152238217314,0.8968152238217314
16,W_v28_flink_base,business_base,6.805666275,8582886.909,4,1921,6,13898436,16659,21161,6799,20188,16499,1967104,884002,706552,177450,13898436,884002,True,True,True,0,0,0,0,0,0,0,0,1689,0,309278,1.0,0.08771829229766923,0.040207505638403813,9.281558242557524e-05,0.403336909964356,2.851811724789003,2.6218352018327846,0.08771585750143801,0.08771585750143801,2.261299616733854,2.0789389332304737,0.08771815303877589,0.08771815303877589,210455,210429,0.00012355711427607411,0.00012355711427607411,161497,161956,-0.0028341030897280745,0.0028341030897280745,161497,161956,-0.0028341030897280745,0.0028341030897280745,7104,7086,0.002540220152413209,0.002540220152413209,884002,921042,-0.040215321342566356,0.040215321342566356,161548,161533,9.286028241907226e-05,9.286028241907226e-05,7667279,5463611,0.403335449760241,0.403335449760241,126715,126705,7.892348368256975e-05,7.892348368256975e-05,126715,155245,-0.183774034590486,0.183774034590486
16,W_v28_flink_heldout,heldout,6.545891435,8596249.852,8,1962,7,12854002,13965,22015,6288,23165,13885,2009088,773521,588080,185441,12854002,773521,True,True,True,0,0,0,0,0,0,0,0,1658,0,260129,1.0,0.08869533357201036,0.08275302416420216,8.616107850712023e-05,0.36473796115122004,3.273595553945436,3.006902322950783,0.08869367952495942,0.08869367952495942,2.492784815188297,2.2896979930227745,0.08869589910301443,0.08869589910301443,192315,192371,-0.00029110416850772723,0.00029110416850772723,158718,159201,-0.0030339005408257487,0.0030339005408257487,158718,159201,-0.0030339005408257487,0.0030339005408257487,20170,20154,0.0007938870695643545,0.0007938870695643545,773521,843311,-0.08275713230350369,0.08275713230350369,162582,162568,8.61178091629349e-05,8.61178091629349e-05,6276119,4598778,0.3647362408013607,0.3647362408013607,141752,141750,1.4109347442680776e-05,1.4109347442680776e-05,141752,157028,-0.09728201339888427,0.09728201339888427
16,W_v28_fp_alu_dense,mechanism,14.61116315,18596678.3,15,121,0,13763776,1936,114688,6736,0,16,123904,272,170,102,13763776,272,True,True,True,0,0,0,0,0,0,0,0,192,0,37,1.0,0.003800593589888203,0.6670100200187409,0.18437500000000004,102.71942800788953,0.18262493785842374,0.183322088729541,-0.0038028743614512855,0.0038028743614512855,0.1434859881474386,0.1440334306871732,-0.003800801918851688,0.003800801918851688,94,151,-0.37748344370860926,0.37748344370860926,94,240,-0.6083333333333333,0.6083333333333333,94,240,-0.6083333333333333,0.6083333333333333,256,240,0.06666666666666667,0.06666666666666667,272,825,-0.6703030303030303,0.6703030303030303,61,75,-0.18666666666666668,0.18666666666666668,6289,92,67.3586956521739,67.3586956521739,14,14,0.0,0.0,14,230,-0.9391304347826087,0.9391304347826087
16,W_v28_gofeed_base,business_base,7.140397595,8959487.794,10,1790,6,13091246,13606,24465,6400,40942,13566,1832960,792960,657146,135814,13091246,792960,True,True,True,0,0,0,0,0,0,0,0,1794,0,288971,1.0,0.14208148088945022,0.12565871168262788,0.016927843977826113,0.49795212391451954,2.806185581041561,2.4570855846133024,0.14207889160002538,0.14207889160002538,2.2364315054502835,1.9582066052617488,0.14208148386433667,0.14208148386433667,198494,198623,-0.0006494716120489571,0.0006494716120489571,135806,136273,-0.0034269444424060527,0.0034269444424060527,135806,136273,-0.0034269444424060527,0.0034269444424060527,24371,24353,0.0007391286494477067,0.0007391286494477067,792960,906940,-0.12567534787306767,0.12567534787306767,131973,129776,0.016929170262606336,0.016929170262606336,7126401,4757464,0.4979411299801743,0.4979411299801743,90131,88567,0.017658947463502207,0.017658947463502207,90131,123717,-0.27147441337892125,0.27147441337892125
16,W_v28_gofeed_heldout,heldout,6.907636913,8867356.077,5,2036,3,12821962,14769,21209,6272,36371,14699,2084864,676168,521320,154848,12821962,676168,True,True,True,0,0,0,0,0,0,0,0,1411,0,271641,1.0,0.08608967684988189,0.09374609219862233,0.023786597075914857,0.3844253332354986,3.3356887986496147,3.0712904672657664,0.08608704849047716,0.08608704849047716,2.598488983199295,2.3925184605571004,0.08608941834214068,0.08608941834214068,188178,188305,-0.0006744377472717134,0.0006744377472717134,154166,154734,-0.0036708157224656507,0.0036708157224656507,154166,154734,-0.0036708157224656507,0.0036708157224656507,22069,22068,4.5314482508609755e-05,4.5314482508609755e-05,676168,746117,-0.09375071201969665,0.09375071201969665,127226,124270,0.023786915587028244,0.023786915587028244,7004390,5059427,0.3844235720764426,0.3844235720764426,129247,126368,0.022782666497847555,0.022782666497847555,129247,150467,-0.14102760073637408,0.14102760073637408
16,W_v28_int_alu_dense,mechanism,12.22837183,14481001.37,12,661,0,14746128,10576,22432,7216,0,16,676864,80,10,70,14746128,80,True,True,True,0,0,0,0,0,0,0,0,64,0,37,1.0,0.0012457757506839009,0.8244047619047619,0.534375,0.9981697932706769,0.8686375384508639,0.8697230298363774,-0.0012480885848426015,0.0012480885848426015,0.7335143842505639,0.7344293284935889,-0.0012457893598852227,0.0012457893598852227,62,168,-0.6309523809523809,0.6309523809523809,62,295,-0.7898305084745763,0.7898305084745763,62,295,-0.7898305084745763,0.7898305084745763,224,256,-0.125,0.125,80,456,-0.8245614035087719,0.8245614035087719,44,95,-0.5368421052631579,0.5368421052631579,13640,7452710,-0.9981697932698307,0.9981697932698307,12,12,0.0,0.0,12,281,-0.9572953736654805,0.9572953736654805
16,W_v28_int_div_serial,mechanism,2.361686783,11141949.61,14,916,0,14842630,14618,17164,7256,5619,5164,937984,262240,262154,86,14842630,262240,True,True,True,0,0,0,0,0,0,0,0,303,0,37,1.0,0.22543274294752302,0.5001098860343967,0.3727734071484072,0.9998079612049668,4.754962976336387,3.880183309409959,0.22544802582006135,0.22544802582006135,1.0078786576233458,0.8224671531223862,0.22543332435474142,0.22543332435474142,76,117,-0.3504273504273504,0.3504273504273504,76,233,-0.6738197424892703,0.6738197424892703,76,233,-0.6738197424892703,0.6738197424892703,197395,197395,0.0,0.0,262240,524600,-0.500114372855509,0.500114372855509,90,150,-0.4,0.4,1274,6634636,-0.9998079774082557,0.9998079774082557,28,28,0.0,0.0,28,183,-0.8469945355191257,0.8469945355191257
16,W_v28_marine_base,business_base,6.456251402,8043691.378,10,2162,9,14029620,15718,25747,6864,61545,15488,2213888,1132512,937230,195282,14029620,1132512,True,True,True,0,0,0,0,0,0,0,0,2397,0,206651,1.0,0.08983731997797975,0.20038427005767304,0.01195480610827597,0.45231840288458436,3.1367155072923487,2.878157028956112,0.08983473651193176,0.08983473651193176,2.5176778843618,2.3101415031299615,0.08983708614846843,0.08983708614846843,226683,226771,-0.0003880566739133311,0.0003880566739133311,194934,195498,-0.002884939999386183,0.002884939999386183,194934,195498,-0.002884939999386183,0.002884939999386183,17209,17200,0.0005232558139534884,0.0005232558139534884,1132512,1416333,-0.2003914333705421,0.2003914333705421,183433,181266,0.011954806748093962,0.011954806748093962,7418606,5108115,0.4523177336453858,0.4523177336453858,165147,164972,0.0010607860727881095,0.0010607860727881095,165147,190660,-0.1338141193748033,0.1338141193748033
16,W_v28_marine_heldout,heldout,6.694172857,8541991.843,14,1962,8,13124882,16017,20615,6416,35577,15767,2009088,691657,494975,196682,13124882,691657,True,True,True,0,0,0,0,0,0,0,0,1483,0,112296,1.0,0.12448092146864304,0.2325473833627906,0.011794911891796744,0.26871720270273647,3.1076749003760957,2.763658418875679,0.12447865450766188,0.12447865450766188,2.4354170955594117,2.1658141832826194,0.12448109092543118,0.12448109092543118,206165,206271,-0.0005138870708921758,0.0005138870708921758,196341,196876,-0.0027174465145573864,0.0027174465145573864,196341,196876,-0.0027174465145573864,0.0027174465145573864,30500,30497,9.837033150801719e-05,9.837033150801719e-05,691657,901270,-0.23257514396351814,0.23257514396351814,167276,165326,0.011794877998620907,0.011794877998620907,6649358,5241015,0.26871569724566713,0.26871569724566713,180370,170695,0.05668004335217786,0.05668004335217786,180370,194663,-0.07342432819796263,0.07342432819796263
16,W_v28_memory_random_mlp,mechanism,5.197598636,5990526.842,1,2512,184,8913744,7621,34574,4368,19451,7609,2572288,1179952,791256,388696,8913744,1179952,True,True,True,0,0,0,0,0,0,0,0,4731,0,6480,1.0,0.2668146665517747,0.0012670584094595654,0.0003380484639189807,1.0155699127433808,5.249641318829546,4.144006528101818,0.2668033419421685,0.2668033419421685,4.554779450699953,3.5954760956798797,0.2668084363494219,0.2668084363494219,549629,549718,-0.00016190119297530733,0.00016190119297530733,388695,389187,-0.001264173777644166,0.001264173777644166,388695,389187,-0.001264173777644166,0.001264173777644166,224,245,-0.08571428571428572,0.08571428571428572,1179952,1181449,-0.001267088126529372,0.001267088126529372,461823,461715,0.00023391052922257236,0.00023391052922257236,4368802,2167580,1.0155205344208749,1.0155205344208749,364132,364103,7.964779197095327e-05,7.964779197095327e-05,364132,364373,-0.0006614101483918951,0.0006614101483918951
16,W_v28_memory_seq_moderate,mechanism,7.080867646,8161051.395,10,2794,235,8913616,7546,36754,4368,4371,7462,2861056,524560,154,524406,8913616,524560,True,True,True,0,0,0,0,0,0,0,0,2366,0,357,1.0,0.2716700461675436,0.001775448911689856,0.48769210721286615,0.8481140474555462,5.837028228208969,8.170041469460882,-0.2855570868241703,0.2855570868241703,5.064448479719117,7.0886393011403435,-0.28555421364091643,0.28555421364091643,524406,524478,-0.00013727935204145837,0.00013727935204145837,524406,524889,-0.0009201945554202889,0.0009201945554202889,524406,524889,-0.0009201945554202889,0.0009201945554202889,224,240,-0.06666666666666667,0.06666666666666667,524560,525493,-0.0017754756010070543,0.0017754756010070543,12445,8364,0.4879244380679101,0.4879244380679101,3656562,1978626,0.8480309062955809,0.8480309062955809,524317,524317,0.0,0.0,524317,524563,-0.0004689617834273481,0.0004689617834273481
16,W_v28_mysql_base,business_base,6.869560564,8686114.516,1,3135,5,15287031,22632,17206,7472,12491,22185,3210240,803968,604864,199104,15287031,803968,True,True,True,0,0,0,0,0,0,0,0,1274,0,324612,1.0,0.07305954989487629,0.10839982333707038,5.85065909338553e-05,0.22322419955979192,4.243499859015797,3.9545878447158316,0.07305742738425024,0.07305742738425024,3.356043629400634,3.1275467164026014,0.0730594723972202,0.0730594723972202,246758,246879,-0.0004901186411156882,0.0004901186411156882,199041,199572,-0.0026606938849137152,0.0026606938849137152,199041,199572,-0.0026606938849137152,0.0026606938849137152,10863,10848,0.0013827433628318584,0.0013827433628318584,803968,901724,-0.1084101121851032,0.1084101121851032,188009,187998,5.8511260758093174e-05,5.8511260758093174e-05,8941026,7309393,0.22322414460407314,0.22322414460407314,167846,165216,0.015918555103621924,0.015918555103621924,167846,194533,-0.13718495062534378,0.13718495062534378
16,W_v28_mysql_heldout,heldout,6.502278185,8544220.085,7,3157,4,15042222,21057,17048,7355,18962,20836,3232768,801402,596433,204969,15042222,801402,True,True,True,0,0,0,0,0,0,0,0,1243,0,128375,1.0,0.07396597621456961,0.10321580946173704,0.00015905788588561036,0.31142829965305757,4.514765857682046,4.203833547035164,0.07396399195352843,0.07396399195352843,3.435803766225495,3.1991741038470978,0.0739658595303842,0.0739658595303842,231256,231360,-0.0004495159059474412,0.0004495159059474412,204347,204957,-0.0029762340393350802,0.0029762340393350802,204347,204957,-0.0029762340393350802,0.0029762340393350802,22274,22259,0.0006738847207870974,0.0006738847207870974,801402,893647,-0.10322308473032417,0.10322308473032417,176048,176020,0.00015907283263265538,0.00015907283263265538,8515984,6493682,0.3114260907756185,0.3114260907756185,187387,182943,0.02429171927868243,0.02429171927868243,187387,202620,-0.07518014016385352,0.07518014016385352
16,W_v28_pytorch_base,business_base,5.683969582,8480290.515,7,881,3,12727904,7189,33328,6224,16768,7146,902144,857696,663024,194672,12727904,857696,True,True,True,0,0,0,0,0,0,0,0,2736,0,529651,1.0,0.14322895090058133,0.004661461368965309,0.9940414063273976,1.856669914379558,1.6855964627662068,1.967385611568136,-0.14323025803636164,0.14323025803636164,1.129781934244633,1.3186513303062561,-0.14322921588207735,0.14322921588207735,196715,196885,-0.0008634482058054194,0.0008634482058054194,194661,195086,-0.002178526393488,0.002178526393488,194661,195085,-0.002173411589819822,0.002173411589819822,1488,1532,-0.028720626631853787,0.028720626631853787,857696,861713,-0.004661644886406495,0.004661644886406495,391540,196355,0.9940414045988134,0.9940414045988134,7098231,2485022,1.8564056978167598,1.8564056978167598,159670,159620,0.00031324395439168026,0.00031324395439168026,159670,189357,-0.15677793796902148,0.15677793796902148
16,W_v28_pytorch_heldout,heldout,5.650681619,8797792.052,6,902,1,12129809,8989,28996,5935,15567,8904,923648,682409,510929,171480,12129809,682409,True,True,True,0,0,0,0,0,0,0,0,2036,0,360120,1.0,0.12071872640418238,0.016032404497671335,0.9938933139443961,1.1974519074494534,1.887708847749963,2.1468825645697134,-0.12072095656135479,0.12072095656135479,1.2124453072591663,1.3789071381709714,-0.1207201168982312,0.1207201168982312,172230,172366,-0.0007890187159880719,0.0007890187159880719,171472,171891,-0.0024375912642314026,0.0024375912642314026,171472,171891,-0.0024375912642314026,0.0024375912642314026,13442,13448,-0.000446162998215348,0.000446162998215348,682409,693528,-0.016032517793081173,0.016032517793081173,343815,172434,0.9938933157033996,0.9938933157033996,6673601,3037574,1.1970167640360367,1.1970167640360367,154841,154808,0.00021316727817683842,0.00021316727817683842,154841,170085,-0.08962577534762031,0.08962577534762031
16,W_v28_redis_base,business_base,7.317756939,9257656.048,9,1675,8,13771680,12723,27832,6736,43715,12620,1715200,724368,578573,145795,13771680,724368,True,True,True,0,0,0,0,0,0,0,0,1797,0,290474,1.0,0.0955622690766676,0.0026078539072828116,6.786925565043178e-05,0.408818404780225,2.50862152908426,2.2898070981048226,0.09556020293610805,0.09556020293610805,1.982951462711884,1.809984762323838,0.09556251742471807,0.09556251742471807,197611,197758,-0.0007433327602423163,0.0007433327602423163,145627,146100,-0.00323750855578371,0.00323750855578371,145627,146100,-0.00323750855578371,0.00323750855578371,1488,1488,0.0,0.0,724368,726262,-0.0026078742932991125,0.0026078742932991125,132574,132567,5.2803488047553315e-05,5.2803488047553315e-05,6230600,4422573,0.408817898540058,0.408817898540058,117188,117172,0.00013655139453111665,0.00013655139453111665,117188,141049,-0.1691681614190813,0.1691681614190813
16,W_v28_redis_heldout,heldout,7.180625979,9189678.424,10,2537,11,14106982,15300,23521,6896,43482,15196,2597888,626662,479604,147058,14106982,626662,True,True,True,0,0,0,0,0,0,0,0,1419,0,170037,1.0,0.09919299466882928,0.033230190082516035,0.00014560558142919107,0.29433768498215274,3.766769851797702,3.426858161405923,0.09919047546815447,0.09919047546815447,2.9432765987792426,2.6776712300703895,0.09919267374055887,0.09919267374055887,173020,173162,-0.0008200413485637727,0.0008200413485637727,146888,147379,-0.0033315465568364558,0.0033315465568364558,146888,147379,-0.0033315465568364558,0.0033315465568364558,9577,9598,-0.002187955824130027,0.002187955824130027,626662,648203,-0.03323187334831835,0.03323187334831835,116766,116753,0.00011134617525887985,0.00011134617525887985,6659304,5144959,0.29433567886546813,0.29433567886546813,133465,133465,0.0,0.0,133465,145788,-0.08452684720278761,0.08452684720278761
16,W_v28_simd_sse_dense,mechanism,8.682933157,17366001.2,12,201,0,14419312,3216,72104,7056,0,16,205824,320,218,102,14419312,320,True,True,True,0,0,0,0,0,0,0,0,240,0,37,1.0,0.16796405974909573,0.538096856164842,0.27916666666666673,86.38461538461539,0.45563373834886817,0.5476125087729519,-0.16796323851363928,0.16796323851363928,0.22781509963859578,0.27380441248075427,-0.16796410410438903,0.16796410410438903,94,159,-0.4088050314465409,0.4088050314465409,94,248,-0.6209677419354839,0.6209677419354839,94,248,-0.6209677419354839,0.6209677419354839,256,256,0.0,0.0,320,707,-0.5473833097595474,0.5473833097595474,61,85,-0.2823529411764706,0.2823529411764706,11832,123,95.1951219512195,95.1951219512195,14,14,0.0,0.0,14,238,-0.9411764705882353,0.9411764705882353
32,W_v28_bvc_encoder_base,business_base,6.28875503,8051765.58,2,1306,6,28256824,27053,59172,13824,71674,26985,1337344,2040928,1826826,214102,28256824,2040928,True,True,True,0,0,0,0,0,0,0,0,5050,0,2021503,1.0,0.1005454721272896,0.011173006106454362,0.0003044438873372921,0.42397597859347513,1.9342903427337832,1.757578167280536,0.10054299646124434,0.10054299646124434,1.5107591001734662,1.3727369047594191,0.10054526467199212,0.10054526467199212,216234,216625,-0.0018049624927870744,0.0018049624927870744,214083,215213,-0.005250612184208203,0.005250612184208203,214083,215213,-0.005250612184208203,0.005250612184208203,7235,7169,0.00920630492397824,0.00920630492397824,2040928,2063991,-0.011173982832289481,0.011173982832289481,213460,213525,-0.00030441400304414006,0.00030441400304414006,13980451,9817902,0.42397540737318423,0.42397540737318423,144434,144398,0.00024931093228438065,0.00024931093228438065,144434,195526,-0.2613054018391416,0.2613054018391416
32,W_v28_bvc_encoder_heldout,heldout,6.249512924,8119015.728,6,1246,1,26458432,24990,48215,12928,82164,24845,1275904,1887932,1697288,190644,26458432,1887932,True,True,True,0,0,0,0,0,0,0,0,4073,0,1498390,1.0,0.09623371475636207,0.07645139862683509,0.00014723311946220657,0.4443313322276766,2.000196503456192,1.8246116674419717,0.09623134563223691,0.09623134563223691,1.539626762462719,1.4044695176991084,0.09623366193453146,0.09623366193453146,191491,191794,-0.001579820015224668,0.001579820015224668,190626,191562,-0.004886146521752749,0.004886146521752749,190626,191561,-0.004880951759491755,0.004880951759491755,43150,43008,0.0033017113095238095,0.0033017113095238095,1887932,2044228,-0.07645722492794346,0.07645722492794346,190124,190152,-0.00014725062055618662,0.00014725062055618662,11441898,7922013,0.444316993673199,0.444316993673199,154511,154472,0.0002524729400797556,0.0002524729400797556,154511,184355,-0.16188332293672533,0.16188332293672533
32,W_v28_cache_L1_mixed,mechanism,8.942019534,11338373.6,1,588,19,27288928,16686,53267,13344,2113,9694,602112,541056,532532,8524,27288928,541056,True,True,True,0,0,0,0,0,0,0,0,1216,0,1582,1.0,0.0715650518849531,0.0017177398129360137,0.044965277777777785,0.6222643792409638,0.8738969604264398,0.8155354322762045,0.07156222260919438,0.07156222260919438,0.6891997003326771,0.6431714148611105,0.07156456958135513,0.07156456958135513,8380,8452,-0.008518693800283956,0.008518693800283956,8380,8707,-0.037555989433788906,0.037555989433788906,8380,8707,-0.037555989433788906,0.037555989433788906,9120,9344,-0.023972602739726026,0.023972602739726026,541056,541987,-0.001717753377848546,0.001717753377848546,324,311,0.04180064308681672,0.04180064308681672,3861505,10222772,-0.6222643916933684,0.6222643916933684,8247,8247,0.0,0.0,8247,8656,-0.047250462107208874,0.047250462107208874
32,W_v28_cache_L2_mixed,mechanism,8.553366401,10845566.09,3,1151,26,27288928,21903,43940,13344,2636,21821,1178624,541056,474292,66764,27288928,541056,True,True,True,0,0,0,0,0,0,0,0,1216,0,1968,1.0,0.12381852649460061,0.0018392985116813248,0.004978662873399715,0.19496643485395748,1.7252636440684266,1.5351841994382935,0.1238153992854284,0.1238153992854284,1.3606308756430447,1.2107218822722368,0.1238178607042804,0.1238178607042804,524524,524619,-0.00018108379605008586,0.00018108379605008586,65722,66136,-0.006259828232732551,0.006259828232732551,65722,66135,-0.006244802298329175,0.006244802298329175,9120,9344,-0.023972602739726026,0.023972602739726026,541056,542053,-0.0018393035367390274,0.0018393035367390274,1220,1214,0.004942339373970346,0.004942339373970346,15532151,12997981,0.19496643363303887,0.19496643363303887,65591,65591,0.0,0.0,65591,65996,-0.006136735559730893,0.006136735559730893
32,W_v28_coh_readmostly_sparse,mechanism,8.479695304,10999569.94,6,562,0,25175392,17680,50099,12320,33997,17649,575488,532864,467092,65772,25175392,532864,True,True,True,0,0,0,0,0,0,0,0,1312,0,67239,1.0,0.09370872116226374,0.0012183311264593517,0.006780217717717718,0.44762693971003237,0.9340374587798845,0.8540109286193761,0.09370668158764912,0.09370668158764912,0.7200602477212669,0.6583654043880329,0.09370912098666673,0.09370912098666673,524556,524644,-0.00016773278642279337,0.00016773278642279337,65754,66122,-0.005565469888993074,0.005565469888993074,65754,66122,-0.005565469888993074,0.005565469888993074,9120,9273,-0.01649951472015529,0.01649951472015529,532864,533514,-0.0012183372882436075,0.0012183372882436075,1215,1207,0.006628003314001657,0.006628003314001657,13223260,9134509,0.44761584886500194,0.44761584886500194,2135,2135,0.0,0.0,2135,40164,-0.9468429439298874,0.9468429439298874
32,W_v28_flink_base,business_base,6.227431355,7853646.759,3,1915,8,27796952,32954,42353,13598,39726,32641,1960960,1768012,1413088,354924,27796952,1768012,True,True,True,0,0,0,0,0,0,0,0,3382,0,1292317,1.0,0.13100297662319582,0.04010173381685567,7.114229090825563e-05,0.40462276607728553,2.8425166606355305,2.5132772114167494,0.13100005352500962,0.13100005352500962,2.2539309345859215,1.9928611075465994,0.13100251997025714,0.13100251997025714,421126,420985,0.00033492879793816884,0.00033492879793816884,323023,324002,-0.003021586286504404,0.003021586286504404,323023,324002,-0.003021586286504404,0.003021586286504404,14141,14103,0.002694462171169255,0.002694462171169255,1768012,1841885,-0.040107281399218736,0.040107281399218736,323038,323021,5.26281573024664e-05,5.26281573024664e-05,15387749,10955091,0.40462082880005285,0.40462082880005285,204849,204822,0.0001318217769575534,0.0001318217769575534,204849,284034,-0.27878704662117915,0.27878704662117915
32,W_v28_flink_heldout,heldout,5.957459005,7823566.444,3,2095,13,25707103,27676,43726,12575,46110,27546,2145280,1546931,1175857,371074,25707103,1546931,True,True,True,0,0,0,0,0,0,0,0,3302,0,1010032,1.0,0.13438330415207786,0.08293348361270349,7.07363180150045e-05,0.3673772647076482,3.4930185904769493,3.07922865092019,0.13438103709287824,0.13438103709287824,2.659850236722512,2.3447541400659424,0.13438342693264543,0.13438342693264543,384780,384858,-0.00020267215440500133,0.00020267215440500133,317492,318499,-0.0031617053742711908,0.0031617053742711908,317492,318499,-0.0031617053742711908,0.0031617053742711908,40337,40310,0.0006698089804018854,0.0006698089804018854,1546931,1686835,-0.0829387580883726,0.0829387580883726,325544,325521,7.065596382414652e-05,7.065596382414652e-05,12725503,9306522,0.3673747292490148,0.3673747292490148,256175,256166,3.5133468141751835e-05,3.5133468141751835e-05,256175,305159,-0.1605195979800694,0.1605195979800694
32,W_v28_fp_alu_dense,mechanism,12.58560077,16018599.36,14,121,0,27527552,3872,229376,13472,0,32,123904,544,340,204,27527552,544,True,True,True,0,0,0,0,0,0,0,0,384,0,149,1.0,0.004174071168109639,0.6765858252091848,0.1921875000000001,84.08410698496905,0.18264403344696364,0.18341022692826886,-0.004177485051609865,0.004177485051609865,0.1435009912977369,0.14410266956250614,-0.004175344333286234,0.004175344333286234,188,309,-0.39158576051779936,0.39158576051779936,188,483,-0.6107660455486542,0.6107660455486542,188,483,-0.6107660455486542,0.6107660455486542,512,480,0.06666666666666667,0.06666666666666667,544,1691,-0.6782968657599053,0.6782968657599053,125,155,-0.1935483870967742,0.1935483870967742,12902,208,61.02884615384615,61.02884615384615,24,24,0.0,0.0,24,453,-0.9470198675496688,0.9470198675496688
32,W_v28_gofeed_base,business_base,6.571641557,8245927.86,3,1575,6,26182786,26869,49195,12800,80770,26799,1612800,1585920,1314172,271748,26182786,1585920,True,True,True,0,0,0,0,0,0,0,0,3604,0,1299497,1.0,0.2202875116685302,0.12601551140583828,0.016652622241301162,0.5426075235048394,2.4675659985216516,2.0221247759343473,0.22028374702124048,0.22028374702124048,1.9665414902753282,1.6115406624671738,0.22028660900474525,0.22028660900474525,396987,397257,-0.000679660773756032,0.000679660773756032,271732,272654,-0.0033815751831992196,0.0033815751831992196,271732,272654,-0.0033815751831992196,0.0033815751831992196,48822,48788,0.0006968926785275068,0.0006968926785275068,1585920,1814620,-0.12603189648521454,0.12603189648521454,263603,259285,0.016653489403552074,0.016653489403552074,14245150,9234517,0.5425982755784629,0.5425982755784629,128685,126271,0.019117612119964204,0.019117612119964204,128685,204526,-0.3708134907053382,0.3708134907053382
32,W_v28_gofeed_heldout,heldout,6.398090489,8213404.787,2,1958,7,25644986,29261,42638,12544,71869,29105,2004992,1352402,1042843,309559,25644986,1352402,True,True,True,0,0,0,0,0,0,0,0,2826,0,1036031,1.0,0.14054734343052752,0.09415461410559915,0.023828438131753452,0.38693988836656057,3.2044444177470357,2.809574655853349,0.1405443208533476,0.1405443208533476,2.4962029614677896,2.1886017825633903,0.14054689224648387,0.14054689224648387,376314,376581,-0.0007090108104232556,0.0007090108104232556,308198,309326,-0.003646638174611898,0.003646638174611898,308198,309325,-0.003643417117918047,0.003643417117918047,44296,44289,0.000158052789631737,0.000158052789631737,1352402,1492981,-0.0941599390749112,0.0941599390749112,254535,248611,0.023828390537828172,0.023828390537828172,14058374,10136259,0.38693910642969953,0.38693910642969953,220423,215913,0.02088804286911858,0.02088804286911858,220423,282469,-0.21965596224718464,0.21965596224718464
32,W_v28_int_alu_dense,mechanism,11.13634271,13187805.89,9,661,0,29492256,21152,44864,14432,0,32,676864,160,20,140,29492256,160,True,True,True,0,0,0,0,0,0,0,0,128,0,149,1.0,0.0013584063288964608,0.8251488095238099,0.5324776785714286,0.9981680481993298,0.8686553263922617,0.869839013105833,-0.0013608112486755708,0.0013608112486755708,0.733529405142828,0.734527213096033,-0.0013584356514160442,0.0013584356514160442,124,336,-0.6309523809523809,0.6309523809523809,124,592,-0.7905405405405406,0.7905405405405406,124,592,-0.7905405405405406,0.7905405405405406,448,512,-0.125,0.125,160,916,-0.8253275109170306,0.8253275109170306,92,199,-0.5376884422110553,0.5376884422110553,27306,14905414,-0.9981680482004727,0.9981680482004727,22,22,0.0,0.0,22,566,-0.9611307420494699,0.9611307420494699
32,W_v28_int_div_serial,mechanism,2.186891806,10316901.64,4,917,0,29684105,29244,33752,14512,11102,10231,939008,524480,524308,172,29684105,524480,True,True,True,0,0,0,0,0,0,0,0,600,0,149,1.0,0.2255219747024425,0.5005563990111911,0.36196069555444566,0.9997574450494737,4.756502185565857,3.881154729037766,0.22553789210694808,0.22553789210694808,1.0082441427828126,0.8227053998403602,0.2255226998369706,0.2255226998369706,153,254,-0.39763779527559057,0.39763779527559057,153,488,-0.6864754098360656,0.6864754098360656,153,488,-0.6864754098360656,0.6864754098360656,395268,395268,0.0,0.0,524480,1050141,-0.5005623054427929,0.5005623054427929,186,305,-0.3901639344262295,0.3901639344262295,3217,13265443,-0.9997574901946358,0.9997574901946358,54,54,0.0,0.0,54,394,-0.8629441624365483,0.8629441624365483
32,W_v28_marine_base,business_base,6.006695111,7483495.468,4,2245,14,28058571,31268,52132,13728,119281,30853,2298880,2265024,1874334,390690,28058571,2265024,True,True,True,0,0,0,0,0,0,0,0,4886,0,634908,1.0,0.14413752066392482,0.20196687022192664,0.011960432027236022,0.4462491099519645,3.260679223132243,2.849908148132887,0.14413484703655172,0.14413484703655172,2.6172135779829984,2.28749937452751,0.14413739611342713,0.14413739611342713,453413,453619,-0.0004541255987954649,0.0004541255987954649,389985,391157,-0.0029962393616885293,0.0029962393616885293,389985,391157,-0.0029962393616885293,0.0029962393616885293,34683,34667,0.00046153402371131047,0.00046153402371131047,2265024,2838327,-0.20198624048603278,0.20198624048603278,366865,362529,0.011960422476546703,0.011960422476546703,15029501,10392069,0.4462472294978026,0.4462472294978026,283917,283361,0.0019621613418924974,0.0019621613418924974,283917,362263,-0.2162682912690504,0.2162682912690504
32,W_v28_marine_heldout,heldout,6.070974328,7746704.289,2,2159,8,26248048,32473,41877,12832,73755,31969,2210816,1383134,989712,393422,26248048,1383134,True,True,True,0,0,0,0,0,0,0,0,2999,0,405020,1.0,0.18706972535373115,0.23194118433799665,0.011860353508499453,0.2573019483777732,3.4312879663373166,2.8905595537648416,0.18706703754579185,0.18706703754579185,2.6890481913169313,2.265282486290046,0.18706969554199185,0.18706969554199185,412331,412557,-0.0005478030914516054,0.0005478030914516054,392736,393756,-0.0025904367171547863,0.0025904367171547863,392736,393756,-0.0025904367171547863,0.0025904367171547863,60976,60974,3.280086594286089e-05,3.280086594286089e-05,1383134,1800881,-0.2319681311535854,0.2319681311535854,334519,330598,0.011860325833792098,0.011860325833792098,13347351,10615884,0.25730000440848827,0.25730000440848827,334266,318738,0.04871712817423715,0.04871712817423715,334266,381743,-0.12436901266035003,0.12436901266035003
32,W_v28_memory_random_mlp,mechanism,4.480997032,5164602.902,3,3205,172,17827488,15329,69070,8736,38999,15296,3281920,2359904,1582499,777405,17827488,2359904,True,True,True,0,0,0,0,0,0,0,0,9451,0,13154,1.0,0.4100398449872657,0.0012869228573933608,0.0003109895873507933,0.9762816552468687,6.681710027349762,4.738724131911895,0.4100230022577715,0.4100230022577715,5.797294268267072,4.11147205992022,0.4100288616285924,0.4100288616285924,1099199,1099389,-0.00017282326819715313,0.00017282326819715313,777404,778304,-0.0011563604966696817,0.0011563604966696817,777404,778304,-0.0011563604966696817,0.0011563604966696817,448,492,-0.08943089430894309,0.08943089430894309,2359904,2362945,-0.0012869533569338262,0.0012869533569338262,923522,923383,0.00015053341896049634,0.00015053341896049634,8831235,4468702,0.9762416469032842,0.9762416469032842,728522,728474,6.589116426941798e-05,6.589116426941798e-05,728522,728996,-0.0006502093289949465,0.0006502093289949465
32,W_v28_memory_seq_moderate,mechanism,5.908168256,6809457.145,1,3600,164,17827232,15100,73600,8736,8846,14947,3686400,1049120,308,1048812,17827232,1049120,True,True,True,0,0,0,0,0,0,0,0,4748,0,1343,1.0,0.13854608994442533,0.0018352764926629894,0.4876321294775833,0.8480709207944598,7.418928527465844,7.98771374442292,-0.07120751133003562,0.07120751133003562,6.436970977883723,6.930443890205492,-0.07120365161879078,0.07120365161879078,1048812,1048963,-0.0001439516932437083,0.0001439516932437083,1048812,1049811,-0.0009515998594032641,0.0009515998594032641,1048812,1049810,-0.0009506482125336966,0.0009506482125336966,448,480,-0.06666666666666667,0.06666666666666667,1049120,1051049,-0.0018353092957607115,0.0018353092957607115,24888,16735,0.4871825515386914,0.4871825515386914,7302431,3951479,0.8480247522509926,0.8480247522509926,1048668,1048651,1.6211303856097023e-05,1.6211303856097023e-05,1048668,1049123,-0.0004336955723971355,0.0004336955723971355
32,W_v28_mysql_base,business_base,6.15995338,7788928.134,2,3029,10,30573083,44652,34359,14944,25265,43844,3101696,1607936,1209822,398114,30573083,1607936,True,True,True,0,0,0,0,0,0,0,0,2539,0,957438,1.0,0.11514582077889153,0.1096507597301754,3.192849961680864e-05,0.22442260038926592,4.0990809600135,3.6758329352977084,0.11514343338389836,0.11514343338389836,3.2418000500636457,2.9070643012039916,0.11514562946578777,0.11514562946578777,493486,493772,-0.000579214698281798,0.000579214698281798,397985,399156,-0.0029336900860816324,0.0029336900860816324,397985,399156,-0.0029336900860816324,0.0029336900860816324,21975,21947,0.0012758007928190642,0.0012758007928190642,1607936,1805992,-0.10966604503231465,0.10966604503231465,375992,375980,3.19165913080483e-05,3.19165913080483e-05,17915051,14631436,0.2244219227695764,0.2244219227695764,287738,282804,0.017446712210576937,0.017446712210576937,287738,368959,-0.22013557061895767,0.22013557061895767
32,W_v28_mysql_heldout,heldout,5.569725391,7318786.064,3,3224,8,30086649,42205,34370,14713,37473,41798,3301376,1603025,1193133,409892,30086649,1603025,True,True,True,0,0,0,0,0,0,0,0,2498,0,512125,1.0,0.11517277027565727,0.10309671775739342,0.00015339155793970484,0.31388128342732263,4.608541464752363,4.13258840452041,0.11517069053170977,0.11517069053170977,3.5071814079394485,3.1449670763315796,0.1151726942815474,0.1151726942815474,462515,462755,-0.0005186329699300926,0.0005186329699300926,408648,409946,-0.0031662706795529167,0.0031662706795529167,408648,409946,-0.0031662706795529167,0.0031662706795529167,44268,44242,0.0005876768681343519,0.0005876768681343519,1603025,1787301,-0.10310294684555092,0.10310294684555092,352107,352061,0.00013065917554060233,0.00013065917554060233,17125461,13034256,0.3138809764055578,0.3138809764055578,346045,338283,0.022945285456259994,0.022945285456259994,346045,396875,-0.1280755905511811,0.1280755905511811
32,W_v28_pytorch_base,business_base,5.246380539,7827422.453,10,985,4,25455808,14460,66732,12448,34073,14354,1008640,1715392,1325983,389409,25455808,1715392,True,True,True,0,0,0,0,0,0,0,0,5472,0,2093896,1.0,0.07447498105975037,0.005126486629180481,0.9939851803548653,2.3229751605733022,1.8854802976452827,2.037204452174663,-0.07447664586017312,0.07447664586017312,1.2637553677337605,1.365447747635383,-0.07447548254975593,0.07447548254975593,393460,393856,-0.0010054436139096522,0.0010054436139096522,389387,390287,-0.002305995331640562,0.002305995331640562,389387,390287,-0.002305995331640562,0.002305995331640562,2976,3046,-0.02298095863427446,0.02298095863427446,1715392,1724232,-0.0051269202752297835,0.0051269202752297835,783030,392696,0.9939851691893984,0.9939851691893984,14326188,4311893,2.3224822601117423,2.3224822601117423,266200,266053,0.0005525214900790444,0.0005525214900790444,266200,355394,-0.25097216047541604,0.25097216047541604
32,W_v28_pytorch_heldout,heldout,5.071648865,7896280.036,2,1053,3,24259483,18064,55648,11870,31575,17886,1078272,1364803,1021879,342924,24259483,1364803,True,True,True,0,0,0,0,0,0,0,0,4094,0,1404617,1.0,0.06900695269943154,0.017495034198245673,0.9939017705548141,1.4971977429370513,2.2039086065164235,2.3672686700358145,-0.06900782559544437,0.06900782559544437,1.4155337110852693,1.5204556527904303,-0.06900690691806896,0.06900690691806896,344460,344858,-0.0011540982085380068,0.0011540982085380068,342910,343783,-0.0025393925819484965,0.0025393925819484965,342910,343783,-0.0025393925819484965,0.0025393925819484965,26839,26849,-0.0003724533502178852,0.0003724533502178852,1364803,1389106,-0.017495425115146,0.017495425115146,687603,344853,0.9939017494410662,0.9939017494410662,13809520,5531123,1.4966937093968078,1.4966937093968078,280815,280624,0.0006806260334112549,0.0006806260334112549,280815,332117,-0.1544696597885685,0.1544696597885685
32,W_v28_redis_base,business_base,6.666931273,8434299.9,6,1698,16,27543360,25302,55680,13472,87018,25140,1738752,1448736,1157150,291586,27543360,1448736,True,True,True,0,0,0,0,0,0,0,0,3599,0,1235070,1.0,0.14383543949417063,0.0028241029683974458,6.786337341391972e-05,0.4093216160014293,2.547140665051854,2.226846898984471,0.14383286350464852,0.14383286350464852,2.0133990914688695,1.7602175636083868,0.14383536052297374,0.14383536052297374,395251,395573,-0.0008140090451067186,0.0008140090451067186,291249,292245,-0.0034080993686803882,0.0034080993686803882,291249,292245,-0.0034080993686803882,0.0034080993686803882,2976,2976,0.0,0.0,1448736,1452839,-0.0028241257290036953,0.0028241257290036953,265235,265245,-3.770099342117665e-05,3.770099342117665e-05,12493496,8864904,0.4093210710460034,0.4093210710460034,193327,193288,0.00020177144985720788,0.00020177144985720788,193327,260817,-0.2587638075738928,0.2587638075738928
32,W_v28_redis_heldout,heldout,6.497594878,8315541.903,3,2556,13,28212812,30399,47288,13792,87980,30224,2617344,1253196,959070,294126,28212812,1253196,True,True,True,0,0,0,0,0,0,0,0,2855,0,682933,1.0,0.12462420228554125,0.03352524318129127,0.00014133411520715972,0.29512054507054464,3.7945010087586635,3.3740239074186302,0.12462185001579562,0.12462185001579562,2.964945713316347,2.6363880319266677,0.12462417421519319,0.12462417421519319,346028,346320,-0.0008431508431508432,0.0008431508431508432,293787,294757,-0.003290846358186574,0.003290846358186574,293787,294756,-0.003287464886210968,0.003287464886210968,19329,19375,-0.0023741935483870967,0.0023741935483870967,1253196,1296669,-0.03352667488773156,0.03352667488773156,233529,233498,0.00013276344979400252,0.00013276344979400252,13324393,10288154,0.29511990197658394,0.29511990197658394,244447,244447,0.0,0.0,244447,284583,-0.1410344258089907,0.1410344258089907
32,W_v28_simd_sse_dense,mechanism,7.665349404,15330817.89,20,201,0,28838624,6432,144232,14112,0,32,205824,640,436,204,28838624,640,True,True,True,0,0,0,0,0,0,0,0,480,0,149,1.0,0.16816991474996493,0.558643854911485,0.26651785714285714,97.0208754208754,0.4556607162671993,0.5477806726584409,-0.16816941704820132,0.16816941704820132,0.22782858849298773,0.273888503355596,-0.1681703112700849,0.1681703112700849,188,327,-0.42507645259938837,0.42507645259938837,188,500,-0.624,0.624,188,499,-0.6232464929859719,0.6232464929859719,512,512,0.0,0.0,640,1466,-0.5634379263301501,0.5634379263301501,125,173,-0.2774566473988439,0.2774566473988439,23940,285,83.0,83.0,24,24,0.0,0.0,24,470,-0.948936170212766,0.948936170212766
